-- MySQL dump 10.13  Distrib 5.6.30, for debian-linux-gnu (x86_64)
--
-- Host: davinci    Database: trendata
-- ------------------------------------------------------
-- Server version	5.6.30-1~bpo8+1-log

/*!40101 SET @OLD_CHARACTER_SET_CLIENT=@@CHARACTER_SET_CLIENT */;
/*!40101 SET @OLD_CHARACTER_SET_RESULTS=@@CHARACTER_SET_RESULTS */;
/*!40101 SET @OLD_COLLATION_CONNECTION=@@COLLATION_CONNECTION */;
/*!40101 SET NAMES utf8 */;
/*!40103 SET @OLD_TIME_ZONE=@@TIME_ZONE */;
/*!40103 SET TIME_ZONE='+00:00' */;
/*!40014 SET @OLD_UNIQUE_CHECKS=@@UNIQUE_CHECKS, UNIQUE_CHECKS=0 */;
/*!40014 SET @OLD_FOREIGN_KEY_CHECKS=@@FOREIGN_KEY_CHECKS, FOREIGN_KEY_CHECKS=0 */;
/*!40101 SET @OLD_SQL_MODE=@@SQL_MODE, SQL_MODE='NO_AUTO_VALUE_ON_ZERO' */;
/*!40111 SET @OLD_SQL_NOTES=@@SQL_NOTES, SQL_NOTES=0 */;

--
-- Table structure for table `trendata_chart_type`
--

DROP TABLE IF EXISTS `trendata_chart_type`;
/*!40101 SET @saved_cs_client     = @@character_set_client */;
/*!40101 SET character_set_client = utf8 */;
CREATE TABLE `trendata_chart_type` (
  `trendata_chart_type_id` int(10) unsigned NOT NULL AUTO_INCREMENT,
  `trendata_chart_type_created_by` int(10) unsigned NOT NULL,
  `trendata_chart_type_last_modified_by` int(10) unsigned NOT NULL,
  `trendata_chart_type_created_on` datetime NOT NULL,
  `trendata_chart_type_last_modified_on` datetime NOT NULL,
  `trendata_chart_type_key` varchar(100) COLLATE utf8_unicode_ci NOT NULL,
  `trendata_chart_type_title` varchar(100) COLLATE utf8_unicode_ci NOT NULL,
  `trendata_chart_type_description` varchar(255) COLLATE utf8_unicode_ci NOT NULL,
  PRIMARY KEY (`trendata_chart_type_id`)
) ENGINE=InnoDB AUTO_INCREMENT=10 DEFAULT CHARSET=utf8 COLLATE=utf8_unicode_ci;
/*!40101 SET character_set_client = @saved_cs_client */;

--
-- Dumping data for table `trendata_chart_type`
--

LOCK TABLES `trendata_chart_type` WRITE;
/*!40000 ALTER TABLE `trendata_chart_type` DISABLE KEYS */;
INSERT INTO `trendata_chart_type` VALUES (1,0,0,'0000-00-00 00:00:00','0000-00-00 00:00:00','scrollline2d','scrollline2d','multiline chart'),(2,0,0,'0000-00-00 00:00:00','0000-00-00 00:00:00','doughnut2d','doughnut2d','doughnut chart'),(3,0,0,'0000-00-00 00:00:00','0000-00-00 00:00:00','scrollstackedcolumn2d','scrollstackedcolumn2d','stacked column chart'),(4,0,0,'0000-00-00 00:00:00','0000-00-00 00:00:00','scrollarea2d','scrollarea2d','multi-series area chart'),(5,0,0,'0000-00-00 00:00:00','0000-00-00 00:00:00','mssplinearea','mssplinearea','multi-series spine chart'),(6,0,0,'0000-00-00 00:00:00','0000-00-00 00:00:00','scrollcolumn2d','scrollcolumn2d','multi-series column chart'),(7,0,0,'0000-00-00 00:00:00','0000-00-00 00:00:00','mscolumn2d','mscolumn2d','multi-series 4 column chart'),(8,0,0,'0000-00-00 00:00:00','0000-00-00 00:00:00','table','table','table'),(9,0,0,'0000-00-00 00:00:00','0000-00-00 00:00:00','value_box','value_box','value_box');
/*!40000 ALTER TABLE `trendata_chart_type` ENABLE KEYS */;
UNLOCK TABLES;

--
-- Table structure for table `trendata_dashboard`
--

DROP TABLE IF EXISTS `trendata_dashboard`;
/*!40101 SET @saved_cs_client     = @@character_set_client */;
/*!40101 SET character_set_client = utf8 */;
CREATE TABLE `trendata_dashboard` (
  `trendata_dashboard_id` int(10) unsigned NOT NULL AUTO_INCREMENT,
  `trendata_dashboard_created_by` int(10) unsigned NOT NULL,
  `trendata_dashboard_last_modified_by` int(10) unsigned NOT NULL,
  `trendata_dashboard_created_on` datetime NOT NULL,
  `trendata_dashboard_last_modified_0n` datetime NOT NULL,
  `trendata_dashboard_title_token` varchar(36) NOT NULL,
  `trendata_dashboard_description_token` varchar(36) NOT NULL,
  `trendata_dashboard_status` enum('0','1','2') NOT NULL DEFAULT '1' COMMENT '0: Inavtive; 1 : Active; 2 : Deleted',
  `trendata_dashboard_is_default` tinyint(10) unsigned NOT NULL DEFAULT '0',
  `trendata_dashboard_icon` varchar(100) NOT NULL,
  PRIMARY KEY (`trendata_dashboard_id`)
) ENGINE=InnoDB AUTO_INCREMENT=2 DEFAULT CHARSET=latin1;
/*!40101 SET character_set_client = @saved_cs_client */;

--
-- Dumping data for table `trendata_dashboard`
--

LOCK TABLES `trendata_dashboard` WRITE;
/*!40000 ALTER TABLE `trendata_dashboard` DISABLE KEYS */;
INSERT INTO `trendata_dashboard` VALUES (1,0,0,'0000-00-00 00:00:00','0000-00-00 00:00:00','c0eadd82-4bff-4e2f-bbf2-c6ad630f6406','','1',0,'fa fa-tachometer');
/*!40000 ALTER TABLE `trendata_dashboard` ENABLE KEYS */;
UNLOCK TABLES;

--
-- Table structure for table `trendata_dashboard_chart`
--

DROP TABLE IF EXISTS `trendata_dashboard_chart`;
/*!40101 SET @saved_cs_client     = @@character_set_client */;
/*!40101 SET character_set_client = utf8 */;
CREATE TABLE `trendata_dashboard_chart` (
  `trendata_dashboard_chart_id` int(10) unsigned NOT NULL AUTO_INCREMENT,
  `trendata_dashboard_chart_created_by` int(10) unsigned NOT NULL,
  `trendata_dashboard_chart_last_modified_by` int(10) unsigned NOT NULL,
  `trendata_dashboard_chart_created_on` datetime NOT NULL,
  `trendata_dashboard_chart_last_modified_on` datetime NOT NULL,
  `trendata_dashboard_id` int(10) unsigned NOT NULL,
  `trendata_chart_id` int(10) unsigned NOT NULL,
  `trendata_dashboard_chart_order` int(10) unsigned NOT NULL,
  PRIMARY KEY (`trendata_dashboard_chart_id`),
  KEY `trendata_dashboard_id` (`trendata_dashboard_id`),
  KEY `trendata_chart_id` (`trendata_chart_id`),
  CONSTRAINT `trendata_dashboard_chart_ibfk_1` FOREIGN KEY (`trendata_chart_id`) REFERENCES `trendata_chart` (`trendata_chart_id`),
  CONSTRAINT `trendata_dashboard_chart_ibfk_2` FOREIGN KEY (`trendata_dashboard_id`) REFERENCES `trendata_dashboard` (`trendata_dashboard_id`)
) ENGINE=InnoDB AUTO_INCREMENT=12 DEFAULT CHARSET=latin1;
/*!40101 SET character_set_client = @saved_cs_client */;

--
-- Dumping data for table `trendata_dashboard_chart`
--

LOCK TABLES `trendata_dashboard_chart` WRITE;
/*!40000 ALTER TABLE `trendata_dashboard_chart` DISABLE KEYS */;
INSERT INTO `trendata_dashboard_chart` VALUES (1,0,0,'0000-00-00 00:00:00','0000-00-00 00:00:00',1,7,0),(2,0,0,'0000-00-00 00:00:00','0000-00-00 00:00:00',1,9,0),(3,0,0,'0000-00-00 00:00:00','0000-00-00 00:00:00',1,30,0),(4,0,0,'0000-00-00 00:00:00','0000-00-00 00:00:00',1,29,0),(5,0,0,'0000-00-00 00:00:00','0000-00-00 00:00:00',1,16,0),(6,0,0,'0000-00-00 00:00:00','0000-00-00 00:00:00',1,17,0),(7,0,0,'0000-00-00 00:00:00','0000-00-00 00:00:00',1,32,0),(9,0,0,'0000-00-00 00:00:00','0000-00-00 00:00:00',1,58,0),(10,0,0,'0000-00-00 00:00:00','0000-00-00 00:00:00',1,59,0),(11,0,0,'0000-00-00 00:00:00','0000-00-00 00:00:00',1,60,0);
/*!40000 ALTER TABLE `trendata_dashboard_chart` ENABLE KEYS */;
UNLOCK TABLES;

--
-- Table structure for table `trendata_email_template`
--

DROP TABLE IF EXISTS `trendata_email_template`;
/*!40101 SET @saved_cs_client     = @@character_set_client */;
/*!40101 SET character_set_client = utf8 */;
CREATE TABLE `trendata_email_template` (
  `trendata_email_template_id` int(11) NOT NULL AUTO_INCREMENT,
  `trendata_email_template_key` varchar(100) COLLATE utf8_unicode_ci NOT NULL,
  `trendata_email_subject_token` varchar(64) COLLATE utf8_unicode_ci NOT NULL,
  `trendata_email_msg_token` varchar(64) COLLATE utf8_unicode_ci NOT NULL,
  PRIMARY KEY (`trendata_email_template_id`)
) ENGINE=InnoDB AUTO_INCREMENT=5 DEFAULT CHARSET=utf8 COLLATE=utf8_unicode_ci;
/*!40101 SET character_set_client = @saved_cs_client */;

--
-- Dumping data for table `trendata_email_template`
--

LOCK TABLES `trendata_email_template` WRITE;
/*!40000 ALTER TABLE `trendata_email_template` DISABLE KEYS */;
INSERT INTO `trendata_email_template` VALUES (1,'delete_user','0861a054-bc57-11e6-a4a6-cec0c932ce01','0861a2f2-bc57-11e6-a4a6-cec0c932ce01'),(2,'suspend_user','0861a3ec-bc57-11e6-a4a6-cec0c932ce01','0861a4d2-bc57-11e6-a4a6-cec0c932ce01'),(3,'update_user_profile','ad40d75e-bc7d-11e6-a4a6-cec0c932ce01','ad40db8c-bc7d-11e6-a4a6-cec0c932ce01'),(4,'welcome_email','930a5278-bc89-11e6-a4a6-cec0c932ce01','930a6240-bc89-11e6-a4a6-cec0c932ce01');
/*!40000 ALTER TABLE `trendata_email_template` ENABLE KEYS */;
UNLOCK TABLES;

--
-- Table structure for table `trendata_event`
--

DROP TABLE IF EXISTS `trendata_event`;
/*!40101 SET @saved_cs_client     = @@character_set_client */;
/*!40101 SET character_set_client = utf8 */;
CREATE TABLE `trendata_event` (
  `trendata_event_id` int(10) unsigned NOT NULL AUTO_INCREMENT,
  `trendata_event_created_by` int(11) NOT NULL,
  `trendata_event_modified_by` int(11) NOT NULL,
  `trendata_event_created_on` datetime NOT NULL,
  `trendata_event_last_modified_on` datetime NOT NULL,
  `trendata_event_category_id` int(10) unsigned NOT NULL,
  `trendata_event_title_token` varchar(36) NOT NULL,
  `trendata_event_description_token` varchar(36) NOT NULL,
  `trendata_event_start_on` datetime NOT NULL,
  `trendata_event_end_on` datetime NOT NULL,
  `trendata_event_is_public` tinyint(4) NOT NULL DEFAULT '0' COMMENT '0: Private ; 1: Public',
  `trendata_event_status` enum('0','1','2') NOT NULL COMMENT '0: Inactive; 1: Active; 2 : Deleted',
  PRIMARY KEY (`trendata_event_id`),
  KEY `trendata_event_category_id` (`trendata_event_category_id`)
) ENGINE=InnoDB AUTO_INCREMENT=30 DEFAULT CHARSET=latin1;
/*!40101 SET character_set_client = @saved_cs_client */;

--
-- Dumping data for table `trendata_event`
--

LOCK TABLES `trendata_event` WRITE;
/*!40000 ALTER TABLE `trendata_event` DISABLE KEYS */;
INSERT INTO `trendata_event` VALUES (1,0,0,'0000-00-00 00:00:00','0000-00-00 00:00:00',1,'28e254cc-b6f8-11e6-80f5-76304dec7eb7','28e2571a-b6f8-11e6-80f5-76304dec7eb7','2016-12-20 00:00:00','2016-12-22 00:00:00',0,'1'),(2,0,0,'0000-00-00 00:00:00','0000-00-00 00:00:00',1,'28e25828-b6f8-11e6-80f5-76304dec7eb7','28e25904-b6f8-11e6-80f5-76304dec7eb7','2016-11-16 00:00:00','2016-11-17 00:00:00',0,'1'),(3,1,0,'2016-12-05 19:05:27','0000-00-00 00:00:00',2,'aedeb5c0-baef-11e6-9843-5dfce1e66ee0','aedeb5c1-baef-11e6-9843-5dfce1e66ee0','2016-12-10 10:09:00','2016-12-11 10:10:00',1,'0'),(4,1,0,'2016-12-05 20:20:16','0000-00-00 00:00:00',2,'2248de50-bafa-11e6-8814-ddf39ce2e418','22490560-bafa-11e6-8814-ddf39ce2e418','2016-12-11 10:09:00','2016-12-12 10:10:00',1,'0'),(5,1,0,'2016-12-05 20:24:00','0000-00-00 00:00:00',2,'a7db0d40-bafa-11e6-91be-83db83e767e4','a7db0d41-bafa-11e6-91be-83db83e767e4','2016-12-11 10:09:00','2016-12-12 10:10:00',1,'0'),(6,1,0,'2016-12-05 20:25:03','0000-00-00 00:00:00',2,'cd7c8920-bafa-11e6-91be-83db83e767e4','cd7c8921-bafa-11e6-91be-83db83e767e4','2016-12-13 10:09:00','2016-12-14 10:10:00',1,'0'),(28,1,0,'2016-12-16 11:53:18','0000-00-00 00:00:00',1,'2290c470-c358-11e6-8841-29b28f75a071','2290c471-c358-11e6-8841-29b28f75a071','2017-01-11 18:30:00','2017-01-27 18:30:00',1,'0'),(29,1,0,'2016-12-16 11:53:38','0000-00-00 00:00:00',1,'2ea14c80-c358-11e6-8841-29b28f75a071','2ea14c81-c358-11e6-8841-29b28f75a071','2016-12-24 18:30:00','2016-12-24 18:30:00',0,'0');
/*!40000 ALTER TABLE `trendata_event` ENABLE KEYS */;
UNLOCK TABLES;

--
-- Table structure for table `trendata_event_category`
--

DROP TABLE IF EXISTS `trendata_event_category`;
/*!40101 SET @saved_cs_client     = @@character_set_client */;
/*!40101 SET character_set_client = utf8 */;
CREATE TABLE `trendata_event_category` (
  `trendata_event_category_id` int(10) unsigned NOT NULL AUTO_INCREMENT,
  `trendata_event_category_created_by` int(10) unsigned NOT NULL,
  `trendata_event_category_last_modified_by` int(10) unsigned NOT NULL,
  `trendata_event_category_created_on` datetime NOT NULL,
  `trendata_event_category_last_modified_on` datetime NOT NULL,
  `trendata_event_category_title_token` varchar(255) NOT NULL,
  `trendata_event_category_description_token` text NOT NULL,
  `trendata_event_category_color_code` varchar(10) NOT NULL,
  `trendata_event_category_order` int(10) unsigned NOT NULL,
  PRIMARY KEY (`trendata_event_category_id`)
) ENGINE=InnoDB AUTO_INCREMENT=6 DEFAULT CHARSET=latin1;
/*!40101 SET character_set_client = @saved_cs_client */;

--
-- Dumping data for table `trendata_event_category`
--

LOCK TABLES `trendata_event_category` WRITE;
/*!40000 ALTER TABLE `trendata_event_category` DISABLE KEYS */;
INSERT INTO `trendata_event_category` VALUES (1,1,0,'0000-00-00 00:00:00','0000-00-00 00:00:00','ab2371a8-b6f5-11e6-80f5-76304dec7eb7','','',0),(2,1,0,'0000-00-00 00:00:00','0000-00-00 00:00:00','ab2374b4-b6f5-11e6-80f5-76304dec7eb7','','',0),(3,1,0,'0000-00-00 00:00:00','0000-00-00 00:00:00','ab2375d6-b6f5-11e6-80f5-76304dec7eb7','','',0),(4,1,0,'2016-12-08 17:38:51','0000-00-00 00:00:00','15331f40-bd3f-11e6-a994-33f704ba913f','15331f41-bd3f-11e6-a994-33f704ba913f','',0);
/*!40000 ALTER TABLE `trendata_event_category` ENABLE KEYS */;
UNLOCK TABLES;

--
-- Table structure for table `trendata_language`
--

DROP TABLE IF EXISTS `trendata_language`;
/*!40101 SET @saved_cs_client     = @@character_set_client */;
/*!40101 SET character_set_client = utf8 */;
CREATE TABLE `trendata_language` (
  `trendata_language_id` int(10) unsigned NOT NULL AUTO_INCREMENT,
  `trendata_language_created_by` int(10) unsigned NOT NULL,
  `trendata_language_last_modified_by` int(10) unsigned NOT NULL,
  `trendata_language_created_on` datetime NOT NULL,
  `trendata_language_last_modified_on` datetime NOT NULL,
  `trendata_language_key` varchar(5) COLLATE utf8_unicode_ci NOT NULL,
  `trendata_language_title` varchar(100) COLLATE utf8_unicode_ci NOT NULL,
  `trendata_language_description` varchar(255) COLLATE utf8_unicode_ci NOT NULL,
  PRIMARY KEY (`trendata_language_id`)
) ENGINE=InnoDB AUTO_INCREMENT=4 DEFAULT CHARSET=utf8 COLLATE=utf8_unicode_ci;
/*!40101 SET character_set_client = @saved_cs_client */;

--
-- Dumping data for table `trendata_language`
--

LOCK TABLES `trendata_language` WRITE;
/*!40000 ALTER TABLE `trendata_language` DISABLE KEYS */;
INSERT INTO `trendata_language` VALUES (1,0,0,'0000-00-00 00:00:00','0000-00-00 00:00:00','en','english',''),(2,0,0,'0000-00-00 00:00:00','0000-00-00 00:00:00','fr','french',''),(3,0,0,'0000-00-00 00:00:00','0000-00-00 00:00:00','es','spanish','');
/*!40000 ALTER TABLE `trendata_language` ENABLE KEYS */;
UNLOCK TABLES;

--
-- Table structure for table `trendata_login_details`
--

DROP TABLE IF EXISTS `trendata_login_details`;
/*!40101 SET @saved_cs_client     = @@character_set_client */;
/*!40101 SET character_set_client = utf8 */;
CREATE TABLE `trendata_login_details` (
  `trendata_login_details_id` int(10) unsigned NOT NULL AUTO_INCREMENT,
  `trendata_login_details_user_id` int(10) unsigned NOT NULL,
  `trendata_login_details_auth_token` text NOT NULL,
  `trendata_login_details_ip_address` varchar(50) NOT NULL,
  `trendata_login_details_login_time` datetime NOT NULL,
  `trendata_login_details_logout_time` datetime NOT NULL,
  PRIMARY KEY (`trendata_login_details_id`),
  KEY `trendata_login_details_user_id` (`trendata_login_details_user_id`),
  CONSTRAINT `trendata_login_details_ibfk_1` FOREIGN KEY (`trendata_login_details_user_id`) REFERENCES `trendata_user` (`trendata_user_id`)
) ENGINE=InnoDB AUTO_INCREMENT=233 DEFAULT CHARSET=latin1;
/*!40101 SET character_set_client = @saved_cs_client */;

--
-- Dumping data for table `trendata_login_details`
--

LOCK TABLES `trendata_login_details` WRITE;
/*!40000 ALTER TABLE `trendata_login_details` DISABLE KEYS */;
INSERT INTO `trendata_login_details` VALUES (1,1,'eyJhbGciOiJIUzI1NiIsInR5cCI6IkpXVCJ9','127.0.0.1','0000-00-00 00:00:00','0000-00-00 00:00:00'),(2,1,'eyJhbGciOiJIUzI1NiIsInR5cCI6IkpXVCJ9','127.0.0.1','0000-00-00 00:00:00','0000-00-00 00:00:00'),(3,1,'eyJhbGciOiJIUzI1NiIsInR5cCI6IkpXVCJ9','127.0.0.2','0000-00-00 00:00:00','0000-00-00 00:00:00'),(4,1,'eyJhbGciOiJIUzI1NiIsInR5cCI6IkpXVCJ9.eyJfaWQiOjEsImVtYWlsIjoidHJlbmRhdGFAbWFpbGluYXRvci5jb20iLCJmaXJzdG5hbWUiOiJqb2huIiwibGFzdG5hbWUiOiJrYXVmIiwiZXhwIjoxNDc3OTE5NTA3LCJpYXQiOjE0NzczMTQ3MDd9.LEOmsraUMxE4KePtMhuHvb5K0pOFcvt0smvt8sNJb1c','127.0.0.2','0000-00-00 00:00:00','0000-00-00 00:00:00'),(5,1,'eyJhbGciOiJIUzI1NiIsInR5cCI6IkpXVCJ9.eyJfaWQiOjEsImVtYWlsIjoidHJlbmRhdGFAbWFpbGluYXRvci5jb20iLCJmaXJzdG5hbWUiOiJqb2huIiwibGFzdG5hbWUiOiJrYXVmIiwiZXhwIjoxNDc3OTE5NjU2LCJpYXQiOjE0NzczMTQ4NTZ9.UbCe_JJhCH6iIE-yRJNDBuLN_rUQM4y40P64zVyTtuY','127.0.0.2','0000-00-00 00:00:00','0000-00-00 00:00:00'),(6,1,'eyJhbGciOiJIUzI1NiIsInR5cCI6IkpXVCJ9.eyJfaWQiOjEsImVtYWlsIjoidHJlbmRhdGFAbWFpbGluYXRvci5jb20iLCJmaXJzdG5hbWUiOiJqb2huIiwibGFzdG5hbWUiOiJrYXVmIiwiZXhwIjoxNDc3OTE5Njc2LCJpYXQiOjE0NzczMTQ4NzZ9.q1jr2K5El1oiVz0eWhweL-WHjdsobL-RUBrN8PBECzM','127.0.0.2','0000-00-00 00:00:00','0000-00-00 00:00:00'),(7,1,'eyJhbGciOiJIUzI1NiIsInR5cCI6IkpXVCJ9.eyJfaWQiOjEsImVtYWlsIjoidHJlbmRhdGFAbWFpbGluYXRvci5jb20iLCJmaXJzdG5hbWUiOiJqb2huIiwibGFzdG5hbWUiOiJrYXVmIiwiZXhwIjoxNDc3OTkxNjE5LCJpYXQiOjE0NzczODY4MTl9.L4Zxk6pk61K8mBVAxPTEVMq_pwc66VwkbhzFTEduSV8','::1','0000-00-00 00:00:00','0000-00-00 00:00:00'),(8,1,'eyJhbGciOiJIUzI1NiIsInR5cCI6IkpXVCJ9.eyJfaWQiOjEsImVtYWlsIjoidHJlbmRhdGFAbWFpbGluYXRvci5jb20iLCJmaXJzdG5hbWUiOiJqb2huIiwibGFzdG5hbWUiOiJrYXVmIiwiZXhwIjoxNDc3OTkyNTA1LCJpYXQiOjE0NzczODc3MDV9.6iM1QRmrF3iGADGm0BNmoHAGiBO-EKrBe5FfoGOZF9Y','::1','0000-00-00 00:00:00','0000-00-00 00:00:00'),(9,1,'eyJhbGciOiJIUzI1NiIsInR5cCI6IkpXVCJ9.eyJfaWQiOjEsImVtYWlsIjoidHJlbmRhdGFAbWFpbGluYXRvci5jb20iLCJmaXJzdG5hbWUiOiJqb2huIiwibGFzdG5hbWUiOiJrYXVmIiwiZXhwIjoxNDc3OTkyNTk0LCJpYXQiOjE0NzczODc3OTR9.DsbIiS6CM4COTgsmnJ1WmI6PzAxFXWn5edZeG1QpBwE','::1','0000-00-00 00:00:00','0000-00-00 00:00:00'),(10,1,'eyJhbGciOiJIUzI1NiIsInR5cCI6IkpXVCJ9.eyJfaWQiOjEsImVtYWlsIjoidHJlbmRhdGFAbWFpbGluYXRvci5jb20iLCJmaXJzdG5hbWUiOiJqb2huIiwibGFzdG5hbWUiOiJrYXVmIiwiZXhwIjoxNDc3OTk4NTkwLCJpYXQiOjE0NzczOTM3OTB9.4zL_qyt5jk3G9zFuZxreu3qsqFUldbPbnxk7fL7GYfo','::1','0000-00-00 00:00:00','0000-00-00 00:00:00'),(11,1,'eyJhbGciOiJIUzI1NiIsInR5cCI6IkpXVCJ9.eyJfaWQiOjEsImVtYWlsIjoidHJlbmRhdGFAbWFpbGluYXRvci5jb20iLCJmaXJzdG5hbWUiOiJqb2huIiwibGFzdG5hbWUiOiJrYXVmIiwiZXhwIjoxNDc3OTk4NzQxLCJpYXQiOjE0NzczOTM5NDF9.J8ahsDXYbWYjvR3ayDPUlVAkFAZdc_JiegibD-CKa5w','::1','0000-00-00 00:00:00','0000-00-00 00:00:00'),(12,1,'eyJhbGciOiJIUzI1NiIsInR5cCI6IkpXVCJ9.eyJfaWQiOjEsImVtYWlsIjoidHJlbmRhdGFAbWFpbGluYXRvci5jb20iLCJmaXJzdG5hbWUiOiJqb2huIiwibGFzdG5hbWUiOiJrYXVmIiwiZXhwIjoxNDc3OTk4ODA2LCJpYXQiOjE0NzczOTQwMDZ9.cQXKvEnErnhny6TbgKHQB6J1xSdp69e2uEbgDkEcB8g','::1','0000-00-00 00:00:00','0000-00-00 00:00:00'),(13,1,'eyJhbGciOiJIUzI1NiIsInR5cCI6IkpXVCJ9.eyJfaWQiOjEsImVtYWlsIjoidHJlbmRhdGFAbWFpbGluYXRvci5jb20iLCJmaXJzdG5hbWUiOiJqb2huIiwibGFzdG5hbWUiOiJrYXVmIiwiZXhwIjoxNDc3OTk4ODE4LCJpYXQiOjE0NzczOTQwMTh9.dGS54AvSQH_e9g9rv8S-TZt2fHmum3bWDRxxBAFoMuA','::1','0000-00-00 00:00:00','0000-00-00 00:00:00'),(14,1,'eyJhbGciOiJIUzI1NiIsInR5cCI6IkpXVCJ9.eyJfaWQiOjEsImVtYWlsIjoidHJlbmRhdGFAbWFpbGluYXRvci5jb20iLCJmaXJzdG5hbWUiOiJqb2huIiwibGFzdG5hbWUiOiJrYXVmIiwiZXhwIjoxNDc3OTk4ODE5LCJpYXQiOjE0NzczOTQwMTl9.yrrS6LhBGW7YRrV5Uin9jn9bHzDuR_q0HmPNWXMveag','::1','0000-00-00 00:00:00','0000-00-00 00:00:00'),(15,1,'eyJhbGciOiJIUzI1NiIsInR5cCI6IkpXVCJ9.eyJfaWQiOjEsImVtYWlsIjoidHJlbmRhdGFAbWFpbGluYXRvci5jb20iLCJmaXJzdG5hbWUiOiJqb2huIiwibGFzdG5hbWUiOiJrYXVmIiwiZXhwIjoxNDc3OTk5NDYzLCJpYXQiOjE0NzczOTQ2NjN9.-uIlUtV7SYBMe6i0buH_o2RUNifc0V0kuyNVsjQFrtI','::1','0000-00-00 00:00:00','0000-00-00 00:00:00'),(16,1,'eyJhbGciOiJIUzI1NiIsInR5cCI6IkpXVCJ9.eyJfaWQiOjEsImVtYWlsIjoidHJlbmRhdGFAbWFpbGluYXRvci5jb20iLCJmaXJzdG5hbWUiOiJqb2huIiwibGFzdG5hbWUiOiJrYXVmIiwiZXhwIjoxNDc4MDAwMDk4LCJpYXQiOjE0NzczOTUyOTh9.dTBATktqHt0sscMIvPkzUngIHM7MyRoyQRuCSpvNhXk','::1','0000-00-00 00:00:00','0000-00-00 00:00:00'),(17,1,'eyJhbGciOiJIUzI1NiIsInR5cCI6IkpXVCJ9.eyJfaWQiOjEsImVtYWlsIjoidHJlbmRhdGFAbWFpbGluYXRvci5jb20iLCJmaXJzdG5hbWUiOiJqb2huIiwibGFzdG5hbWUiOiJrYXVmIiwiZXhwIjoxNDc4MDAwNTI5LCJpYXQiOjE0NzczOTU3Mjl9.zCvkHLk8ajVBal9EI5miqHcaqGNvW3RhZYYzu5uOfQk','::1','0000-00-00 00:00:00','0000-00-00 00:00:00'),(18,1,'eyJhbGciOiJIUzI1NiIsInR5cCI6IkpXVCJ9.eyJfaWQiOjEsImVtYWlsIjoidHJlbmRhdGFAbWFpbGluYXRvci5jb20iLCJmaXJzdG5hbWUiOiJqb2huIiwibGFzdG5hbWUiOiJrYXVmIiwiZXhwIjoxNDc4MDAwNjM2LCJpYXQiOjE0NzczOTU4MzZ9.s0tYTQIkTCvWSdKJ_UX0428xmVYsn-58tcsOHV7YMNM','::1','0000-00-00 00:00:00','0000-00-00 00:00:00'),(19,1,'eyJhbGciOiJIUzI1NiIsInR5cCI6IkpXVCJ9.eyJfaWQiOjEsImVtYWlsIjoidHJlbmRhdGFAbWFpbGluYXRvci5jb20iLCJmaXJzdG5hbWUiOiJqb2huIiwibGFzdG5hbWUiOiJrYXVmIiwiZXhwIjoxNDc4MDAwOTY1LCJpYXQiOjE0NzczOTYxNjV9.IsA3gQSX7q3RRGdRAfJk6eCJA_Y75P0C1eoW6m0yv68','::1','0000-00-00 00:00:00','0000-00-00 00:00:00'),(20,1,'eyJhbGciOiJIUzI1NiIsInR5cCI6IkpXVCJ9.eyJfaWQiOjEsImVtYWlsIjoidHJlbmRhdGFAbWFpbGluYXRvci5jb20iLCJmaXJzdG5hbWUiOiJqb2huIiwibGFzdG5hbWUiOiJrYXVmIiwiZXhwIjoxNDc4MDAwOTcwLCJpYXQiOjE0NzczOTYxNzB9.dInAfDMKnQVJlOnNrRv_hC6LS4CXh2xoh7d_347kvaY','::1','0000-00-00 00:00:00','0000-00-00 00:00:00'),(21,1,'eyJhbGciOiJIUzI1NiIsInR5cCI6IkpXVCJ9.eyJfaWQiOjEsImVtYWlsIjoidHJlbmRhdGFAbWFpbGluYXRvci5jb20iLCJmaXJzdG5hbWUiOiJqb2huIiwibGFzdG5hbWUiOiJrYXVmIiwiZXhwIjoxNDc4MDAwOTcyLCJpYXQiOjE0NzczOTYxNzJ9.xuoILi9jx-OvxZVOrfzj61uu_l-u6woT5yo3VbOWWOw','::1','0000-00-00 00:00:00','0000-00-00 00:00:00'),(22,1,'eyJhbGciOiJIUzI1NiIsInR5cCI6IkpXVCJ9.eyJfaWQiOjEsImVtYWlsIjoidHJlbmRhdGFAbWFpbGluYXRvci5jb20iLCJmaXJzdG5hbWUiOiJqb2huIiwibGFzdG5hbWUiOiJrYXVmIiwiZXhwIjoxNDc4MDAwOTczLCJpYXQiOjE0NzczOTYxNzN9.IND5OxWawXAh-aFr0vHtpE9zGqBFIyMS9G_g1klva5s','::1','0000-00-00 00:00:00','0000-00-00 00:00:00'),(23,1,'eyJhbGciOiJIUzI1NiIsInR5cCI6IkpXVCJ9.eyJfaWQiOjEsImVtYWlsIjoidHJlbmRhdGFAbWFpbGluYXRvci5jb20iLCJmaXJzdG5hbWUiOiJqb2huIiwibGFzdG5hbWUiOiJrYXVmIiwiZXhwIjoxNDc4MDAwOTc0LCJpYXQiOjE0NzczOTYxNzR9.HEcvNy6H7hN6tE5_EL9D-qVuZMcfZ5lSKJEIxAcNSG4','::1','0000-00-00 00:00:00','0000-00-00 00:00:00'),(24,1,'eyJhbGciOiJIUzI1NiIsInR5cCI6IkpXVCJ9.eyJfaWQiOjEsImVtYWlsIjoidHJlbmRhdGFAbWFpbGluYXRvci5jb20iLCJmaXJzdG5hbWUiOiJqb2huIiwibGFzdG5hbWUiOiJrYXVmIiwiZXhwIjoxNDc4MDAwOTc0LCJpYXQiOjE0NzczOTYxNzR9.HEcvNy6H7hN6tE5_EL9D-qVuZMcfZ5lSKJEIxAcNSG4','::1','0000-00-00 00:00:00','0000-00-00 00:00:00'),(25,1,'eyJhbGciOiJIUzI1NiIsInR5cCI6IkpXVCJ9.eyJfaWQiOjEsImVtYWlsIjoidHJlbmRhdGFAbWFpbGluYXRvci5jb20iLCJmaXJzdG5hbWUiOiJqb2huIiwibGFzdG5hbWUiOiJrYXVmIiwiZXhwIjoxNDc4MDAwOTc1LCJpYXQiOjE0NzczOTYxNzV9.SmrW6KYf9cYBCOW0VbfbZJY-Ge7fHlTpnc54w3rwggo','::1','0000-00-00 00:00:00','0000-00-00 00:00:00'),(26,1,'eyJhbGciOiJIUzI1NiIsInR5cCI6IkpXVCJ9.eyJfaWQiOjEsImVtYWlsIjoidHJlbmRhdGFAbWFpbGluYXRvci5jb20iLCJmaXJzdG5hbWUiOiJqb2huIiwibGFzdG5hbWUiOiJrYXVmIiwibGFuZ3VhZ2UiOjEsImV4cCI6MTQ3ODE2Mzk5MSwiaWF0IjoxNDc3NTU5MTkxfQ.a8NMU0CsMQrcRK8R4-qGohQ2kUtd_819JQKdkdE28ig','::1','0000-00-00 00:00:00','0000-00-00 00:00:00'),(27,1,'eyJhbGciOiJIUzI1NiIsInR5cCI6IkpXVCJ9.eyJfaWQiOjEsImVtYWlsIjoidHJlbmRhdGFAbWFpbGluYXRvci5jb20iLCJmaXJzdG5hbWUiOiJqb2huIiwibGFzdG5hbWUiOiJrYXVmIiwibGFuZ3VhZ2UiOjMsImV4cCI6MTQ3ODE4NDYwNywiaWF0IjoxNDc3NTc5ODA3fQ.FnKwnnao8Ic83cSCqAB492PZpoNG188Jzjq82KAYUH4','::1','0000-00-00 00:00:00','0000-00-00 00:00:00'),(28,1,'eyJhbGciOiJIUzI1NiIsInR5cCI6IkpXVCJ9.eyJfaWQiOjEsImVtYWlsIjoidHJlbmRhdGFAbWFpbGluYXRvci5jb20iLCJmaXJzdG5hbWUiOiJqb2huIiwibGFzdG5hbWUiOiJrYXVmIiwibGFuZ3VhZ2UiOjMsImV4cCI6MTQ3ODI0MzQ1MiwiaWF0IjoxNDc3NjM4NjUyfQ.Az9M8nOWvVOqmIPs_AAhtAxwlFUWD4oHfF9f-Uzv03U','::1','0000-00-00 00:00:00','0000-00-00 00:00:00'),(29,1,'eyJhbGciOiJIUzI1NiIsInR5cCI6IkpXVCJ9.eyJfaWQiOjEsImVtYWlsIjoidHJlbmRhdGFAbWFpbGluYXRvci5jb20iLCJmaXJzdG5hbWUiOiJqb2huIiwibGFzdG5hbWUiOiJrYXVmIiwibGFuZ3VhZ2UiOjMsImV4cCI6MTQ3ODU5MzIxMSwiaWF0IjoxNDc3OTg4NDExfQ.XMJYAvb-kuUVZbKJz8cMCzMpTf8uvoeUqW1hItwb9h8','::1','0000-00-00 00:00:00','0000-00-00 00:00:00'),(30,1,'eyJhbGciOiJIUzI1NiIsInR5cCI6IkpXVCJ9.eyJfaWQiOjEsImVtYWlsIjoidHJlbmRhdGFAbWFpbGluYXRvci5jb20iLCJmaXJzdG5hbWUiOiJqb2huIiwibGFzdG5hbWUiOiJrYXVmIiwibGFuZ3VhZ2UiOjMsImV4cCI6MTQ3ODY2NzQwNCwiaWF0IjoxNDc4MDYyNjA0fQ.5LQ_TrqzcFvXVh-B-tTXAThOD8rHR217Ng3YmfUu4V0','::1','0000-00-00 00:00:00','0000-00-00 00:00:00'),(31,1,'eyJhbGciOiJIUzI1NiIsInR5cCI6IkpXVCJ9.eyJfaWQiOjEsImVtYWlsIjoidHJlbmRhdGFAbWFpbGluYXRvci5jb20iLCJmaXJzdG5hbWUiOiJqb2huIiwibGFzdG5hbWUiOiJrYXVmIiwibGFuZ3VhZ2UiOjMsImV4cCI6MTQ3ODc3ODA3MCwiaWF0IjoxNDc4MTczMjcwfQ.D8EtzJyq60ItWvNnNT5xHkM8ONmSooV9-fnAJ2f78-g','::1','0000-00-00 00:00:00','0000-00-00 00:00:00'),(32,1,'eyJhbGciOiJIUzI1NiIsInR5cCI6IkpXVCJ9.eyJfaWQiOjEsImVtYWlsIjoidHJlbmRhdGFAbWFpbGluYXRvci5jb20iLCJmaXJzdG5hbWUiOiJqb2huIiwibGFzdG5hbWUiOiJrYXVmIiwibGFuZ3VhZ2UiOjMsImV4cCI6MTQ3ODg2MTI1MCwiaWF0IjoxNDc4MjU2NDUwfQ.1Mr0ybLmgYhUh-46Ff8TnXSszuWXPLwZheWrYvH1IAI','::1','0000-00-00 00:00:00','0000-00-00 00:00:00'),(33,1,'eyJhbGciOiJIUzI1NiIsInR5cCI6IkpXVCJ9.eyJfaWQiOjEsImVtYWlsIjoidHJlbmRhdGFAbWFpbGluYXRvci5jb20iLCJmaXJzdG5hbWUiOiJqb2huIiwibGFzdG5hbWUiOiJrYXVmIiwibGFuZ3VhZ2UiOjMsImV4cCI6MTQ3ODkzODgzNiwiaWF0IjoxNDc4MzM0MDM2fQ.LQkaznw0eaa7UgwZFa8MJoMhKe9EW9m51zwVzZR5ByM','::1','0000-00-00 00:00:00','0000-00-00 00:00:00'),(34,1,'eyJhbGciOiJIUzI1NiIsInR5cCI6IkpXVCJ9.eyJfaWQiOjEsImVtYWlsIjoidHJlbmRhdGFAbWFpbGluYXRvci5jb20iLCJmaXJzdG5hbWUiOiJqb2huIiwibGFzdG5hbWUiOiJrYXVmIiwibGFuZ3VhZ2UiOjMsImV4cCI6MTQ3OTI4MjI1OCwiaWF0IjoxNDc4Njc3NDU4fQ.kgbNNFHKLQCXjPuhS4bJImJ768WgnVPG47GoJ7a8jXY','::ffff:192.168.8.95','0000-00-00 00:00:00','0000-00-00 00:00:00'),(35,1,'eyJhbGciOiJIUzI1NiIsInR5cCI6IkpXVCJ9.eyJfaWQiOjEsImVtYWlsIjoidHJlbmRhdGFAbWFpbGluYXRvci5jb20iLCJmaXJzdG5hbWUiOiJqb2huIiwibGFzdG5hbWUiOiJrYXVmIiwibGFuZ3VhZ2UiOjMsImV4cCI6MTQ3OTI4ODg5NywiaWF0IjoxNDc4Njg0MDk3fQ.mXTxbVA2Kr0GI7M5HL-nDODn8KMSJOX1TQujkIrfjVw','::ffff:192.168.8.94','0000-00-00 00:00:00','0000-00-00 00:00:00'),(36,1,'eyJhbGciOiJIUzI1NiIsInR5cCI6IkpXVCJ9.eyJfaWQiOjEsImVtYWlsIjoidHJlbmRhdGFAbWFpbGluYXRvci5jb20iLCJmaXJzdG5hbWUiOiJqb2huIiwibGFzdG5hbWUiOiJrYXVmIiwibGFuZ3VhZ2UiOjMsImV4cCI6MTQ3OTI4ODkzOSwiaWF0IjoxNDc4Njg0MTM5fQ.wYWrUJ6Bsqr_4MhE92p6WMk0zc_JYoTjpXZ7BtB7qO4','::ffff:192.168.8.94','0000-00-00 00:00:00','0000-00-00 00:00:00'),(37,1,'eyJhbGciOiJIUzI1NiIsInR5cCI6IkpXVCJ9.eyJfaWQiOjEsImVtYWlsIjoidHJlbmRhdGFAbWFpbGluYXRvci5jb20iLCJmaXJzdG5hbWUiOiJqb2huIiwibGFzdG5hbWUiOiJrYXVmIiwibGFuZ3VhZ2UiOjMsImV4cCI6MTQ3OTI5NDQzMywiaWF0IjoxNDc4Njg5NjMzfQ.pe6lAJMJYAmmN_uzYdOLkbbyJ7MqbrMJwE9fvPM4p4A','::ffff:192.168.8.94','0000-00-00 00:00:00','0000-00-00 00:00:00'),(38,1,'eyJhbGciOiJIUzI1NiIsInR5cCI6IkpXVCJ9.eyJfaWQiOjEsImVtYWlsIjoidHJlbmRhdGFAbWFpbGluYXRvci5jb20iLCJmaXJzdG5hbWUiOiJqb2huIiwibGFzdG5hbWUiOiJrYXVmIiwibGFuZ3VhZ2UiOjMsImV4cCI6MTQ3OTI5NDQ0MCwiaWF0IjoxNDc4Njg5NjQwfQ.KW1P9k-rL51KPPNCMSuHIM41KNCqpJIlGUkRYUwgj-Q','::ffff:192.168.8.94','0000-00-00 00:00:00','0000-00-00 00:00:00'),(39,1,'eyJhbGciOiJIUzI1NiIsInR5cCI6IkpXVCJ9.eyJfaWQiOjEsImVtYWlsIjoidHJlbmRhdGFAbWFpbGluYXRvci5jb20iLCJmaXJzdG5hbWUiOiJqb2huIiwibGFzdG5hbWUiOiJrYXVmIiwibGFuZ3VhZ2UiOjMsImV4cCI6MTQ3OTI5NDQ0NSwiaWF0IjoxNDc4Njg5NjQ1fQ.ag4KaP1IjbpZbY5fhOUBLcDL6ZtgvG5xu9vqg1_Sbio','::ffff:192.168.8.95','0000-00-00 00:00:00','0000-00-00 00:00:00'),(40,1,'eyJhbGciOiJIUzI1NiIsInR5cCI6IkpXVCJ9.eyJfaWQiOjEsImVtYWlsIjoidHJlbmRhdGFAbWFpbGluYXRvci5jb20iLCJmaXJzdG5hbWUiOiJqb2huIiwibGFzdG5hbWUiOiJrYXVmIiwibGFuZ3VhZ2UiOjMsImV4cCI6MTQ3OTI5NDQ0NiwiaWF0IjoxNDc4Njg5NjQ2fQ.uLF-10mMyYKDskLge-ApP4KMVWVKFn15FzheXBfwOuA','::ffff:192.168.8.95','0000-00-00 00:00:00','0000-00-00 00:00:00'),(41,1,'eyJhbGciOiJIUzI1NiIsInR5cCI6IkpXVCJ9.eyJfaWQiOjEsImVtYWlsIjoidHJlbmRhdGFAbWFpbGluYXRvci5jb20iLCJmaXJzdG5hbWUiOiJqb2huIiwibGFzdG5hbWUiOiJrYXVmIiwibGFuZ3VhZ2UiOjMsImV4cCI6MTQ3OTI5NDQ1MSwiaWF0IjoxNDc4Njg5NjUxfQ.GI7fqoXaNOSIM9eB7qBs7qkaWgJdwuCkRYHkfdloHJE','::ffff:192.168.8.95','0000-00-00 00:00:00','0000-00-00 00:00:00'),(42,1,'eyJhbGciOiJIUzI1NiIsInR5cCI6IkpXVCJ9.eyJfaWQiOjEsImVtYWlsIjoidHJlbmRhdGFAbWFpbGluYXRvci5jb20iLCJmaXJzdG5hbWUiOiJqb2huIiwibGFzdG5hbWUiOiJrYXVmIiwibGFuZ3VhZ2UiOjMsImV4cCI6MTQ3OTI5NDQ3OCwiaWF0IjoxNDc4Njg5Njc4fQ.B_Wq_oForpLvh0BtUhruV3-DLnY_10xg7eHPrhde6bI','::ffff:192.168.8.94','0000-00-00 00:00:00','0000-00-00 00:00:00'),(43,1,'eyJhbGciOiJIUzI1NiIsInR5cCI6IkpXVCJ9.eyJfaWQiOjEsImVtYWlsIjoidHJlbmRhdGFAbWFpbGluYXRvci5jb20iLCJmaXJzdG5hbWUiOiJqb2huIiwibGFzdG5hbWUiOiJrYXVmIiwibGFuZ3VhZ2UiOjMsImV4cCI6MTQ3OTI5NDUyMCwiaWF0IjoxNDc4Njg5NzIwfQ.D7JtNoWnQ6hyq60E6-3Ul_fVTUCh4-T59M3qa4cHsxs','::ffff:192.168.8.94','0000-00-00 00:00:00','0000-00-00 00:00:00'),(44,1,'eyJhbGciOiJIUzI1NiIsInR5cCI6IkpXVCJ9.eyJfaWQiOjEsImVtYWlsIjoidHJlbmRhdGFAbWFpbGluYXRvci5jb20iLCJmaXJzdG5hbWUiOiJqb2huIiwibGFzdG5hbWUiOiJrYXVmIiwibGFuZ3VhZ2UiOjMsImV4cCI6MTQ3OTI5NDUyMiwiaWF0IjoxNDc4Njg5NzIyfQ.cr_7P4RwUdWt6Xi_veIqJ8LHE0BANy3HSXPZ1a78Mys','::ffff:192.168.8.94','0000-00-00 00:00:00','0000-00-00 00:00:00'),(45,1,'eyJhbGciOiJIUzI1NiIsInR5cCI6IkpXVCJ9.eyJfaWQiOjEsImVtYWlsIjoidHJlbmRhdGFAbWFpbGluYXRvci5jb20iLCJmaXJzdG5hbWUiOiJqb2huIiwibGFzdG5hbWUiOiJrYXVmIiwibGFuZ3VhZ2UiOjMsImV4cCI6MTQ3OTI5NDUyMywiaWF0IjoxNDc4Njg5NzIzfQ.B2coe5kiI6FQzOYT6z99lMQgAw6ElZ51YkIeTw35sj4','::ffff:192.168.8.94','0000-00-00 00:00:00','0000-00-00 00:00:00'),(46,1,'eyJhbGciOiJIUzI1NiIsInR5cCI6IkpXVCJ9.eyJfaWQiOjEsImVtYWlsIjoidHJlbmRhdGFAbWFpbGluYXRvci5jb20iLCJmaXJzdG5hbWUiOiJqb2huIiwibGFzdG5hbWUiOiJrYXVmIiwibGFuZ3VhZ2UiOjMsImV4cCI6MTQ3OTI5NDUyMywiaWF0IjoxNDc4Njg5NzIzfQ.B2coe5kiI6FQzOYT6z99lMQgAw6ElZ51YkIeTw35sj4','::ffff:192.168.8.94','0000-00-00 00:00:00','0000-00-00 00:00:00'),(47,1,'eyJhbGciOiJIUzI1NiIsInR5cCI6IkpXVCJ9.eyJfaWQiOjEsImVtYWlsIjoidHJlbmRhdGFAbWFpbGluYXRvci5jb20iLCJmaXJzdG5hbWUiOiJqb2huIiwibGFzdG5hbWUiOiJrYXVmIiwibGFuZ3VhZ2UiOjMsImV4cCI6MTQ3OTI5NDUyMywiaWF0IjoxNDc4Njg5NzIzfQ.B2coe5kiI6FQzOYT6z99lMQgAw6ElZ51YkIeTw35sj4','::ffff:192.168.8.94','0000-00-00 00:00:00','0000-00-00 00:00:00'),(48,1,'eyJhbGciOiJIUzI1NiIsInR5cCI6IkpXVCJ9.eyJfaWQiOjEsImVtYWlsIjoidHJlbmRhdGFAbWFpbGluYXRvci5jb20iLCJmaXJzdG5hbWUiOiJqb2huIiwibGFzdG5hbWUiOiJrYXVmIiwibGFuZ3VhZ2UiOjMsImV4cCI6MTQ3OTI5NDUyMywiaWF0IjoxNDc4Njg5NzIzfQ.B2coe5kiI6FQzOYT6z99lMQgAw6ElZ51YkIeTw35sj4','::ffff:192.168.8.94','0000-00-00 00:00:00','0000-00-00 00:00:00'),(49,1,'eyJhbGciOiJIUzI1NiIsInR5cCI6IkpXVCJ9.eyJfaWQiOjEsImVtYWlsIjoidHJlbmRhdGFAbWFpbGluYXRvci5jb20iLCJmaXJzdG5hbWUiOiJqb2huIiwibGFzdG5hbWUiOiJrYXVmIiwibGFuZ3VhZ2UiOjMsImV4cCI6MTQ3OTI5NDUyMywiaWF0IjoxNDc4Njg5NzIzfQ.B2coe5kiI6FQzOYT6z99lMQgAw6ElZ51YkIeTw35sj4','::ffff:192.168.8.94','0000-00-00 00:00:00','0000-00-00 00:00:00'),(50,1,'eyJhbGciOiJIUzI1NiIsInR5cCI6IkpXVCJ9.eyJfaWQiOjEsImVtYWlsIjoidHJlbmRhdGFAbWFpbGluYXRvci5jb20iLCJmaXJzdG5hbWUiOiJqb2huIiwibGFzdG5hbWUiOiJrYXVmIiwibGFuZ3VhZ2UiOjMsImV4cCI6MTQ3OTI5NDUyNCwiaWF0IjoxNDc4Njg5NzI0fQ.9Dq6_eec9Cwqf3A-vp18Es9-EEi3ZJ_Sc3DopfGbYVI','::ffff:192.168.8.94','0000-00-00 00:00:00','0000-00-00 00:00:00'),(51,1,'eyJhbGciOiJIUzI1NiIsInR5cCI6IkpXVCJ9.eyJfaWQiOjEsImVtYWlsIjoidHJlbmRhdGFAbWFpbGluYXRvci5jb20iLCJmaXJzdG5hbWUiOiJqb2huIiwibGFzdG5hbWUiOiJrYXVmIiwibGFuZ3VhZ2UiOjMsImV4cCI6MTQ3OTI5NDUyNCwiaWF0IjoxNDc4Njg5NzI0fQ.9Dq6_eec9Cwqf3A-vp18Es9-EEi3ZJ_Sc3DopfGbYVI','::ffff:192.168.8.94','0000-00-00 00:00:00','0000-00-00 00:00:00'),(52,1,'eyJhbGciOiJIUzI1NiIsInR5cCI6IkpXVCJ9.eyJfaWQiOjEsImVtYWlsIjoidHJlbmRhdGFAbWFpbGluYXRvci5jb20iLCJmaXJzdG5hbWUiOiJqb2huIiwibGFzdG5hbWUiOiJrYXVmIiwibGFuZ3VhZ2UiOjMsImV4cCI6MTQ3OTI5NDUyNCwiaWF0IjoxNDc4Njg5NzI0fQ.9Dq6_eec9Cwqf3A-vp18Es9-EEi3ZJ_Sc3DopfGbYVI','::ffff:192.168.8.94','0000-00-00 00:00:00','0000-00-00 00:00:00'),(53,1,'eyJhbGciOiJIUzI1NiIsInR5cCI6IkpXVCJ9.eyJfaWQiOjEsImVtYWlsIjoidHJlbmRhdGFAbWFpbGluYXRvci5jb20iLCJmaXJzdG5hbWUiOiJqb2huIiwibGFzdG5hbWUiOiJrYXVmIiwibGFuZ3VhZ2UiOjMsImV4cCI6MTQ3OTI5NDUzMywiaWF0IjoxNDc4Njg5NzMzfQ.5qlqLg_jbQnqoNiYOkb6JnyRmz6HSVi4HVjQjQ3niFU','::ffff:192.168.8.94','0000-00-00 00:00:00','0000-00-00 00:00:00'),(54,1,'eyJhbGciOiJIUzI1NiIsInR5cCI6IkpXVCJ9.eyJfaWQiOjEsImVtYWlsIjoidHJlbmRhdGFAbWFpbGluYXRvci5jb20iLCJmaXJzdG5hbWUiOiJqb2huIiwibGFzdG5hbWUiOiJrYXVmIiwibGFuZ3VhZ2UiOjMsImV4cCI6MTQ3OTI5NDUzNCwiaWF0IjoxNDc4Njg5NzM0fQ.kPcvuk9B4df_cYSQf1ouIJwxeAY8chMN9CASahlnErY','::ffff:192.168.8.94','0000-00-00 00:00:00','0000-00-00 00:00:00'),(55,1,'eyJhbGciOiJIUzI1NiIsInR5cCI6IkpXVCJ9.eyJfaWQiOjEsImVtYWlsIjoidHJlbmRhdGFAbWFpbGluYXRvci5jb20iLCJmaXJzdG5hbWUiOiJqb2huIiwibGFzdG5hbWUiOiJrYXVmIiwibGFuZ3VhZ2UiOjMsImV4cCI6MTQ3OTI5NDUzNSwiaWF0IjoxNDc4Njg5NzM1fQ.HMBzGRYAxhtKdAFiV-pJFYkuvMxOHtGA6A7V0rrJnkI','::ffff:192.168.8.94','0000-00-00 00:00:00','0000-00-00 00:00:00'),(56,1,'eyJhbGciOiJIUzI1NiIsInR5cCI6IkpXVCJ9.eyJfaWQiOjEsImVtYWlsIjoidHJlbmRhdGFAbWFpbGluYXRvci5jb20iLCJmaXJzdG5hbWUiOiJqb2huIiwibGFzdG5hbWUiOiJrYXVmIiwibGFuZ3VhZ2UiOjMsImV4cCI6MTQ3OTI5NDUzNSwiaWF0IjoxNDc4Njg5NzM1fQ.HMBzGRYAxhtKdAFiV-pJFYkuvMxOHtGA6A7V0rrJnkI','::ffff:192.168.8.94','0000-00-00 00:00:00','0000-00-00 00:00:00'),(57,1,'eyJhbGciOiJIUzI1NiIsInR5cCI6IkpXVCJ9.eyJfaWQiOjEsImVtYWlsIjoidHJlbmRhdGFAbWFpbGluYXRvci5jb20iLCJmaXJzdG5hbWUiOiJqb2huIiwibGFzdG5hbWUiOiJrYXVmIiwibGFuZ3VhZ2UiOjMsImV4cCI6MTQ3OTI5NDUzNiwiaWF0IjoxNDc4Njg5NzM2fQ.QGxpxAh1a-A7n6KlM0XDnkdPWs_e9ipMMIE4fcUGUY0','::ffff:192.168.8.94','0000-00-00 00:00:00','0000-00-00 00:00:00'),(58,1,'eyJhbGciOiJIUzI1NiIsInR5cCI6IkpXVCJ9.eyJfaWQiOjEsImVtYWlsIjoidHJlbmRhdGFAbWFpbGluYXRvci5jb20iLCJmaXJzdG5hbWUiOiJqb2huIiwibGFzdG5hbWUiOiJrYXVmIiwibGFuZ3VhZ2UiOjMsImV4cCI6MTQ3OTI5NDUzNiwiaWF0IjoxNDc4Njg5NzM2fQ.QGxpxAh1a-A7n6KlM0XDnkdPWs_e9ipMMIE4fcUGUY0','::ffff:192.168.8.94','0000-00-00 00:00:00','0000-00-00 00:00:00'),(59,1,'eyJhbGciOiJIUzI1NiIsInR5cCI6IkpXVCJ9.eyJfaWQiOjEsImVtYWlsIjoidHJlbmRhdGFAbWFpbGluYXRvci5jb20iLCJmaXJzdG5hbWUiOiJqb2huIiwibGFzdG5hbWUiOiJrYXVmIiwibGFuZ3VhZ2UiOjMsImV4cCI6MTQ3OTI5NDY1NSwiaWF0IjoxNDc4Njg5ODU1fQ.x7HnHEOPfOYk9RsxkCu3otp7oz1gCiM7lA8qjoPb1NE','::ffff:192.168.8.94','0000-00-00 00:00:00','0000-00-00 00:00:00'),(60,1,'eyJhbGciOiJIUzI1NiIsInR5cCI6IkpXVCJ9.eyJfaWQiOjEsImVtYWlsIjoidHJlbmRhdGFAbWFpbGluYXRvci5jb20iLCJmaXJzdG5hbWUiOiJqb2huIiwibGFzdG5hbWUiOiJrYXVmIiwibGFuZ3VhZ2UiOjMsImV4cCI6MTQ3OTI5NDY2MCwiaWF0IjoxNDc4Njg5ODYwfQ.ppG7eZdTIH71ys1jN_hMUGtNRG3Fzv94t3NEedrb6mo','::ffff:192.168.8.94','0000-00-00 00:00:00','0000-00-00 00:00:00'),(61,1,'eyJhbGciOiJIUzI1NiIsInR5cCI6IkpXVCJ9.eyJfaWQiOjEsImVtYWlsIjoidHJlbmRhdGFAbWFpbGluYXRvci5jb20iLCJmaXJzdG5hbWUiOiJqb2huIiwibGFzdG5hbWUiOiJrYXVmIiwibGFuZ3VhZ2UiOjMsImV4cCI6MTQ3OTI5NDgxMiwiaWF0IjoxNDc4NjkwMDEyfQ.Gj8DO0fCJtfuhCkzTKIEQNYtGQUmsEcz_D_q1W2GuQ8','::ffff:192.168.8.94','0000-00-00 00:00:00','0000-00-00 00:00:00'),(62,1,'eyJhbGciOiJIUzI1NiIsInR5cCI6IkpXVCJ9.eyJfaWQiOjEsImVtYWlsIjoidHJlbmRhdGFAbWFpbGluYXRvci5jb20iLCJmaXJzdG5hbWUiOiJqb2huIiwibGFzdG5hbWUiOiJrYXVmIiwibGFuZ3VhZ2UiOjMsImV4cCI6MTQ3OTI5NDgzNiwiaWF0IjoxNDc4NjkwMDM2fQ.CqdG3XQtUOFPTsJhY_b8rPA0FmyuksJhd8eewV3kM1Y','::ffff:192.168.8.94','0000-00-00 00:00:00','0000-00-00 00:00:00'),(63,1,'eyJhbGciOiJIUzI1NiIsInR5cCI6IkpXVCJ9.eyJfaWQiOjEsImVtYWlsIjoidHJlbmRhdGFAbWFpbGluYXRvci5jb20iLCJmaXJzdG5hbWUiOiJqb2huIiwibGFzdG5hbWUiOiJrYXVmIiwibGFuZ3VhZ2UiOjMsImV4cCI6MTQ3OTI5NDg5NSwiaWF0IjoxNDc4NjkwMDk1fQ.hKnBAgxzSAExtebOe_qq5nv4uqb1o321dLkLHJDg8Mo','::ffff:192.168.8.94','0000-00-00 00:00:00','0000-00-00 00:00:00'),(64,1,'eyJhbGciOiJIUzI1NiIsInR5cCI6IkpXVCJ9.eyJfaWQiOjEsImVtYWlsIjoidHJlbmRhdGFAbWFpbGluYXRvci5jb20iLCJmaXJzdG5hbWUiOiJqb2huIiwibGFzdG5hbWUiOiJrYXVmIiwibGFuZ3VhZ2UiOjMsImV4cCI6MTQ3OTI5NTI1MywiaWF0IjoxNDc4NjkwNDUzfQ.zk5fjZZS6ZnRGN-Ol4MiJy1qbQOqCZVKa_9PENGtKj4','::ffff:192.168.8.94','0000-00-00 00:00:00','0000-00-00 00:00:00'),(65,1,'eyJhbGciOiJIUzI1NiIsInR5cCI6IkpXVCJ9.eyJfaWQiOjEsImVtYWlsIjoidHJlbmRhdGFAbWFpbGluYXRvci5jb20iLCJmaXJzdG5hbWUiOiJqb2huIiwibGFzdG5hbWUiOiJrYXVmIiwibGFuZ3VhZ2UiOjMsImV4cCI6MTQ3OTI5NTgyNSwiaWF0IjoxNDc4NjkxMDI1fQ.B2NOMGQ--I0FfkWssex72zwm8NG_cai8KTsWpHLkPBo','::ffff:192.168.8.95','0000-00-00 00:00:00','0000-00-00 00:00:00'),(66,1,'eyJhbGciOiJIUzI1NiIsInR5cCI6IkpXVCJ9.eyJfaWQiOjEsImVtYWlsIjoidHJlbmRhdGFAbWFpbGluYXRvci5jb20iLCJmaXJzdG5hbWUiOiJqb2huIiwibGFzdG5hbWUiOiJrYXVmIiwibGFuZ3VhZ2UiOjMsImV4cCI6MTQ3OTI5ODI2MywiaWF0IjoxNDc4NjkzNDYzfQ.Uy4fC0P9rKK5LGYhbmvE7yYSjKrI6OjJIo2lVLMlm3g','::ffff:192.168.8.95','0000-00-00 00:00:00','0000-00-00 00:00:00'),(67,1,'eyJhbGciOiJIUzI1NiIsInR5cCI6IkpXVCJ9.eyJfaWQiOjEsImVtYWlsIjoidHJlbmRhdGFAbWFpbGluYXRvci5jb20iLCJmaXJzdG5hbWUiOiJqb2huIiwibGFzdG5hbWUiOiJrYXVmIiwibGFuZ3VhZ2UiOjMsImV4cCI6MTQ3OTI5ODI2OCwiaWF0IjoxNDc4NjkzNDY4fQ.-s__G2cOky15srKNvZxrTrw1110eZTWfbC-GCq1CopU','::ffff:192.168.8.95','0000-00-00 00:00:00','0000-00-00 00:00:00'),(68,1,'eyJhbGciOiJIUzI1NiIsInR5cCI6IkpXVCJ9.eyJfaWQiOjEsImVtYWlsIjoidHJlbmRhdGFAbWFpbGluYXRvci5jb20iLCJmaXJzdG5hbWUiOiJqb2huIiwibGFzdG5hbWUiOiJrYXVmIiwibGFuZ3VhZ2UiOjMsImV4cCI6MTQ3OTMwODcyOCwiaWF0IjoxNDc4NzAzOTI4fQ.EdbW60Gs-ZLbNUOKFhRPGs4mB9S_eU6gcFcn0mwrFbQ','::ffff:192.168.8.94','0000-00-00 00:00:00','0000-00-00 00:00:00'),(69,1,'eyJhbGciOiJIUzI1NiIsInR5cCI6IkpXVCJ9.eyJfaWQiOjEsImVtYWlsIjoidHJlbmRhdGFAbWFpbGluYXRvci5jb20iLCJmaXJzdG5hbWUiOiJqb2huIiwibGFzdG5hbWUiOiJrYXVmIiwibGFuZ3VhZ2UiOjMsImV4cCI6MTQ3OTMwODg2NSwiaWF0IjoxNDc4NzA0MDY1fQ.Q69yp_f4a2szRylABaAEtCV2vm9L8PeiUfGBvjOjrro','::ffff:192.168.8.94','0000-00-00 00:00:00','0000-00-00 00:00:00'),(70,1,'eyJhbGciOiJIUzI1NiIsInR5cCI6IkpXVCJ9.eyJfaWQiOjEsImVtYWlsIjoidHJlbmRhdGFAbWFpbGluYXRvci5jb20iLCJmaXJzdG5hbWUiOiJqb2huIiwibGFzdG5hbWUiOiJrYXVmIiwibGFuZ3VhZ2UiOjMsImV4cCI6MTQ3OTMwODg4MSwiaWF0IjoxNDc4NzA0MDgxfQ.7aXGIODdbaMOfQryjszJj4VnW_GZL559BSF5XXUYKyc','::ffff:192.168.8.94','0000-00-00 00:00:00','0000-00-00 00:00:00'),(71,1,'eyJhbGciOiJIUzI1NiIsInR5cCI6IkpXVCJ9.eyJfaWQiOjEsImVtYWlsIjoidHJlbmRhdGFAbWFpbGluYXRvci5jb20iLCJmaXJzdG5hbWUiOiJqb2huIiwibGFzdG5hbWUiOiJrYXVmIiwibGFuZ3VhZ2UiOjMsImV4cCI6MTQ3OTMxMDkwNiwiaWF0IjoxNDc4NzA2MTA2fQ._FO9Jg5nlD8JkoTR5P1c4QfU1IlzoDSQDs2qRQou8XQ','::ffff:192.168.8.94','0000-00-00 00:00:00','0000-00-00 00:00:00'),(72,1,'eyJhbGciOiJIUzI1NiIsInR5cCI6IkpXVCJ9.eyJfaWQiOjEsImVtYWlsIjoidHJlbmRhdGFAbWFpbGluYXRvci5jb20iLCJmaXJzdG5hbWUiOiJqb2huIiwibGFzdG5hbWUiOiJrYXVmIiwibGFuZ3VhZ2UiOjMsImV4cCI6MTQ3OTM3MjU2NywiaWF0IjoxNDc4NzY3NzY3fQ.TdX_y5p5CmMNdZPnSzdkRWOfPZB_BEm6mMnJv73YZ6Y','::ffff:192.168.8.94','0000-00-00 00:00:00','0000-00-00 00:00:00'),(73,1,'eyJhbGciOiJIUzI1NiIsInR5cCI6IkpXVCJ9.eyJfaWQiOjEsImVtYWlsIjoidHJlbmRhdGFAbWFpbGluYXRvci5jb20iLCJmaXJzdG5hbWUiOiJqb2huIiwibGFzdG5hbWUiOiJrYXVmIiwibGFuZ3VhZ2UiOjMsImV4cCI6MTQ3OTM3NjY2NCwiaWF0IjoxNDc4NzcxODY0fQ.Ah3t_1A4uSOORR5YkG-dEtA7PoUaDvjLExLxfPryNRA','::ffff:192.168.8.94','0000-00-00 00:00:00','0000-00-00 00:00:00'),(74,1,'eyJhbGciOiJIUzI1NiIsInR5cCI6IkpXVCJ9.eyJfaWQiOjEsImVtYWlsIjoidHJlbmRhdGFAbWFpbGluYXRvci5jb20iLCJmaXJzdG5hbWUiOiJqb2huIiwibGFzdG5hbWUiOiJrYXVmIiwibGFuZ3VhZ2UiOjMsImV4cCI6MTQ3OTM3Njg2MSwiaWF0IjoxNDc4NzcyMDYxfQ.mkRAwO7h5CfHKSHuc_Cze-Hd2j6bo2kTgiy0kLRmyqs','::ffff:192.168.8.94','0000-00-00 00:00:00','0000-00-00 00:00:00'),(75,1,'eyJhbGciOiJIUzI1NiIsInR5cCI6IkpXVCJ9.eyJfaWQiOjEsImVtYWlsIjoidHJlbmRhdGFAbWFpbGluYXRvci5jb20iLCJmaXJzdG5hbWUiOiJqb2huIiwibGFzdG5hbWUiOiJrYXVmIiwibGFuZ3VhZ2UiOjMsImV4cCI6MTQ3OTM3Njk4OSwiaWF0IjoxNDc4NzcyMTg5fQ.-xiJpaQHyU4daQr_29gvCSFOTc7ZIcxoFwNra4LfVlo','::ffff:192.168.8.94','0000-00-00 00:00:00','0000-00-00 00:00:00'),(76,1,'eyJhbGciOiJIUzI1NiIsInR5cCI6IkpXVCJ9.eyJfaWQiOjEsImVtYWlsIjoidHJlbmRhdGFAbWFpbGluYXRvci5jb20iLCJmaXJzdG5hbWUiOiJqb2huIiwibGFzdG5hbWUiOiJrYXVmIiwibGFuZ3VhZ2UiOjMsImV4cCI6MTQ3OTM3NzkzMywiaWF0IjoxNDc4NzczMTMzfQ.gLfA9eS4teCoXUlOKh6vWOcoS-ndmIQMPgulCqPM-Nc','::ffff:192.168.8.94','0000-00-00 00:00:00','0000-00-00 00:00:00'),(77,1,'eyJhbGciOiJIUzI1NiIsInR5cCI6IkpXVCJ9.eyJfaWQiOjEsImVtYWlsIjoidHJlbmRhdGFAbWFpbGluYXRvci5jb20iLCJmaXJzdG5hbWUiOiJqb2huIiwibGFzdG5hbWUiOiJrYXVmIiwibGFuZ3VhZ2UiOjMsImV4cCI6MTQ3OTM3Nzk2NCwiaWF0IjoxNDc4NzczMTY0fQ.QZn0RRN44VGzxUvyCDEIw9PrktCpB9B-onCz3ulSpyw','::ffff:192.168.8.94','0000-00-00 00:00:00','0000-00-00 00:00:00'),(78,14,'eyJhbGciOiJIUzI1NiIsInR5cCI6IkpXVCJ9.eyJfaWQiOjE0LCJlbWFpbCI6InNzMTBAeW9wbWFpbC5jb20iLCJmaXJzdG5hbWUiOiJzaGFzaGkiLCJsYXN0bmFtZSI6InJhbmphbiIsImxhbmd1YWdlIjoxLCJleHAiOjE0NzkzODA0MzksImlhdCI6MTQ3ODc3NTYzOX0.d9X6bAq-UfAfI7YAgxkZGeEtgHGqOuRIvboY6JlEgtQ','::ffff:192.168.8.95','0000-00-00 00:00:00','0000-00-00 00:00:00'),(79,14,'eyJhbGciOiJIUzI1NiIsInR5cCI6IkpXVCJ9.eyJfaWQiOjE0LCJlbWFpbCI6InNzMTBAeW9wbWFpbC5jb20iLCJmaXJzdG5hbWUiOiJzaGFzaGkiLCJsYXN0bmFtZSI6InJhbmphbiIsImxhbmd1YWdlIjoxLCJleHAiOjE0NzkzODA0NDMsImlhdCI6MTQ3ODc3NTY0M30.nEIhz0PQ8IlI5gGHU0mPWL67O_FPfDu0RoyKObcA7YQ','::ffff:192.168.8.95','0000-00-00 00:00:00','0000-00-00 00:00:00'),(80,14,'eyJhbGciOiJIUzI1NiIsInR5cCI6IkpXVCJ9.eyJfaWQiOjE0LCJlbWFpbCI6InNzMTBAeW9wbWFpbC5jb20iLCJmaXJzdG5hbWUiOiJzaGFzaGkiLCJsYXN0bmFtZSI6InJhbmphbiIsImxhbmd1YWdlIjoxLCJleHAiOjE0NzkzODA0NDUsImlhdCI6MTQ3ODc3NTY0NX0.7gki8bTMrQjsHBopYxvMfoIna4m9bsSS0NEuk_dpmEg','::ffff:192.168.8.95','0000-00-00 00:00:00','0000-00-00 00:00:00'),(81,1,'eyJhbGciOiJIUzI1NiIsInR5cCI6IkpXVCJ9.eyJfaWQiOjEsImVtYWlsIjoidHJlbmRhdGFAbWFpbGluYXRvci5jb20iLCJmaXJzdG5hbWUiOiJqb2huIiwibGFzdG5hbWUiOiJrYXVmIiwibGFuZ3VhZ2UiOjEsImV4cCI6MTQ3OTc5ODcwMCwiaWF0IjoxNDc5MTkzOTAwfQ.xKQJYXk57BHOjI77uDxNmqyrPL-WpB3nyYL_9jXUA_w','::ffff:192.168.8.94','0000-00-00 00:00:00','0000-00-00 00:00:00'),(82,1,'eyJhbGciOiJIUzI1NiIsInR5cCI6IkpXVCJ9.eyJfaWQiOjEsImVtYWlsIjoidHJlbmRhdGFAbWFpbGluYXRvci5jb20iLCJmaXJzdG5hbWUiOiJqb2huIiwibGFzdG5hbWUiOiJrYXVmIiwibGFuZ3VhZ2UiOjEsImV4cCI6MTQ3OTc5ODcwMiwiaWF0IjoxNDc5MTkzOTAyfQ.MAV1-va8DDD99hG_c7k-cfR3oilUM0YgZAPVQck7htU','::ffff:192.168.8.94','0000-00-00 00:00:00','0000-00-00 00:00:00'),(83,1,'eyJhbGciOiJIUzI1NiIsInR5cCI6IkpXVCJ9.eyJfaWQiOjEsImVtYWlsIjoidHJlbmRhdGFAbWFpbGluYXRvci5jb20iLCJmaXJzdG5hbWUiOiJqb2huIiwibGFzdG5hbWUiOiJrYXVmIiwibGFuZ3VhZ2UiOjEsImV4cCI6MTQ3OTc5ODcwNSwiaWF0IjoxNDc5MTkzOTA1fQ.P2xc4bF9M37XZowgvaK8Hv1yt8gS39tb-p_hoDKg1d0','::ffff:192.168.8.94','0000-00-00 00:00:00','0000-00-00 00:00:00'),(84,1,'eyJhbGciOiJIUzI1NiIsInR5cCI6IkpXVCJ9.eyJfaWQiOjEsImVtYWlsIjoidHJlbmRhdGFAbWFpbGluYXRvci5jb20iLCJmaXJzdG5hbWUiOiJqb2huIiwibGFzdG5hbWUiOiJrYXVmIiwibGFuZ3VhZ2UiOjEsImV4cCI6MTQ3OTc5ODcxNSwiaWF0IjoxNDc5MTkzOTE1fQ.MAsfSYkqlMKtflMwCcuRjlsxHFG85CGyw-pjYSNMEAw','::ffff:192.168.8.94','0000-00-00 00:00:00','0000-00-00 00:00:00'),(85,1,'eyJhbGciOiJIUzI1NiIsInR5cCI6IkpXVCJ9.eyJfaWQiOjEsImVtYWlsIjoidHJlbmRhdGFAbWFpbGluYXRvci5jb20iLCJmaXJzdG5hbWUiOiJqb2huIiwibGFzdG5hbWUiOiJrYXVmIiwibGFuZ3VhZ2UiOjEsImV4cCI6MTQ3OTc5ODc0NSwiaWF0IjoxNDc5MTkzOTQ1fQ.qkWgngZUb33kYZN6NF_PGsvQ_PyjjizIaM-3lLVeiCQ','::ffff:192.168.8.94','0000-00-00 00:00:00','0000-00-00 00:00:00'),(86,1,'eyJhbGciOiJIUzI1NiIsInR5cCI6IkpXVCJ9.eyJfaWQiOjEsImVtYWlsIjoidHJlbmRhdGFAbWFpbGluYXRvci5jb20iLCJmaXJzdG5hbWUiOiJqb2huIiwibGFzdG5hbWUiOiJrYXVmIiwibGFuZ3VhZ2UiOjEsImV4cCI6MTQ3OTc5ODc0NywiaWF0IjoxNDc5MTkzOTQ3fQ.dhh90U1WALU_uG1W2643A0R8PNIb4eR9z5Okq0vmzRs','::ffff:192.168.8.94','0000-00-00 00:00:00','0000-00-00 00:00:00'),(87,1,'eyJhbGciOiJIUzI1NiIsInR5cCI6IkpXVCJ9.eyJfaWQiOjEsImVtYWlsIjoidHJlbmRhdGFAbWFpbGluYXRvci5jb20iLCJmaXJzdG5hbWUiOiJqb2huIiwibGFzdG5hbWUiOiJrYXVmIiwibGFuZ3VhZ2UiOjEsImV4cCI6MTQ3OTc5OTA3MywiaWF0IjoxNDc5MTk0MjczfQ.TOhzQJOuKiTQ-tA-fW9-Egc8qI_0tMx6GRT2d6BZ8kU','::ffff:192.168.8.94','0000-00-00 00:00:00','0000-00-00 00:00:00'),(88,1,'eyJhbGciOiJIUzI1NiIsInR5cCI6IkpXVCJ9.eyJfaWQiOjEsImVtYWlsIjoidHJlbmRhdGFAbWFpbGluYXRvci5jb20iLCJmaXJzdG5hbWUiOiJqb2huIiwibGFzdG5hbWUiOiJrYXVmIiwibGFuZ3VhZ2UiOjEsImV4cCI6MTQ3OTc5OTIzNywiaWF0IjoxNDc5MTk0NDM3fQ.98zra80vk2j8bwzrli4yhvYR_tOX4d4I32C_uTwDUvc','::ffff:192.168.8.94','0000-00-00 00:00:00','0000-00-00 00:00:00'),(89,1,'eyJhbGciOiJIUzI1NiIsInR5cCI6IkpXVCJ9.eyJfaWQiOjEsImVtYWlsIjoidHJlbmRhdGFAbWFpbGluYXRvci5jb20iLCJmaXJzdG5hbWUiOiJqb2huIiwibGFzdG5hbWUiOiJrYXVmIiwibGFuZ3VhZ2UiOjEsImV4cCI6MTQ3OTkwODUxNSwiaWF0IjoxNDc5MzAzNzE1fQ.vEoXFir_0OCv0iTy5YSwVtSCjM0BfQgx2WKfckTgumI','::ffff:192.168.8.95','0000-00-00 00:00:00','0000-00-00 00:00:00'),(90,1,'eyJhbGciOiJIUzI1NiIsInR5cCI6IkpXVCJ9.eyJfaWQiOjEsImVtYWlsIjoidHJlbmRhdGFAbWFpbGluYXRvci5jb20iLCJmaXJzdG5hbWUiOiJqb2huIiwibGFzdG5hbWUiOiJrYXVmIiwibGFuZ3VhZ2UiOjEsImV4cCI6MTQ3OTkwODU2OSwiaWF0IjoxNDc5MzAzNzY5fQ.rtMHnT8lfNIXSXWQEAIBSV-9JgKaZQnDWxwQia8vYsI','::ffff:192.168.8.95','0000-00-00 00:00:00','0000-00-00 00:00:00'),(91,1,'eyJhbGciOiJIUzI1NiIsInR5cCI6IkpXVCJ9.eyJfaWQiOjEsImVtYWlsIjoidHJlbmRhdGFAbWFpbGluYXRvci5jb20iLCJmaXJzdG5hbWUiOiJqb2huIiwibGFzdG5hbWUiOiJrYXVmIiwibGFuZ3VhZ2UiOjEsImV4cCI6MTQ3OTk4MDk1MCwiaWF0IjoxNDc5Mzc2MTUwfQ.lctXwyiJGZTJGsKyqgk9aIgGlVKeuavuU8LwxqW85lg','::ffff:192.168.8.94','0000-00-00 00:00:00','0000-00-00 00:00:00'),(92,1,'eyJhbGciOiJIUzI1NiIsInR5cCI6IkpXVCJ9.eyJfaWQiOjEsImVtYWlsIjoidHJlbmRhdGFAbWFpbGluYXRvci5jb20iLCJmaXJzdG5hbWUiOiJqb2huIiwibGFzdG5hbWUiOiJrYXVmIiwibGFuZ3VhZ2UiOjEsImV4cCI6MTQ3OTk4NjQ0NSwiaWF0IjoxNDc5MzgxNjQ1fQ.7v1RJctxK6bFy6IDwFaC10CgFG_-Ms0_HIsvvPSP1qE','::ffff:192.168.8.94','0000-00-00 00:00:00','0000-00-00 00:00:00'),(93,1,'eyJhbGciOiJIUzI1NiIsInR5cCI6IkpXVCJ9.eyJfaWQiOjEsImVtYWlsIjoidHJlbmRhdGFAbWFpbGluYXRvci5jb20iLCJmaXJzdG5hbWUiOiJqb2huIiwibGFzdG5hbWUiOiJrYXVmIiwibGFuZ3VhZ2UiOjEsImV4cCI6MTQ3OTk4NjQ2MywiaWF0IjoxNDc5MzgxNjYzfQ.TP3z7lb0e1GKmnlUp0ktahGggutYU4pz331AQb7Z7sM','::ffff:192.168.8.94','0000-00-00 00:00:00','0000-00-00 00:00:00'),(94,1,'eyJhbGciOiJIUzI1NiIsInR5cCI6IkpXVCJ9.eyJfaWQiOjEsImVtYWlsIjoidHJlbmRhdGFAbWFpbGluYXRvci5jb20iLCJmaXJzdG5hbWUiOiJqb2huIiwibGFzdG5hbWUiOiJrYXVmIiwibGFuZ3VhZ2UiOjEsImV4cCI6MTQ3OTk4NjU1OCwiaWF0IjoxNDc5MzgxNzU4fQ.Z---Th0CwVdosnV2x4dlDoQtSKIDRxNNKLS3F3U8TJw','::ffff:192.168.8.94','0000-00-00 00:00:00','0000-00-00 00:00:00'),(95,1,'eyJhbGciOiJIUzI1NiIsInR5cCI6IkpXVCJ9.eyJfaWQiOjEsImVtYWlsIjoidHJlbmRhdGFAbWFpbGluYXRvci5jb20iLCJmaXJzdG5hbWUiOiJqb2huIiwibGFzdG5hbWUiOiJrYXVmIiwibGFuZ3VhZ2UiOjEsImV4cCI6MTQ4MDAwMjcxMSwiaWF0IjoxNDc5Mzk3OTExfQ.2j9J0m0VV6zcx9YwinAJh96iKJleHeXRtbchDDqVjaE','::ffff:192.168.8.94','0000-00-00 00:00:00','0000-00-00 00:00:00'),(96,1,'eyJhbGciOiJIUzI1NiIsInR5cCI6IkpXVCJ9.eyJfaWQiOjEsImVtYWlsIjoidHJlbmRhdGFAbWFpbGluYXRvci5jb20iLCJmaXJzdG5hbWUiOiJqb2huIiwibGFzdG5hbWUiOiJrYXVmIiwibGFuZ3VhZ2UiOjEsImV4cCI6MTQ4MDA1MTg1MywiaWF0IjoxNDc5NDQ3MDUzfQ.Ap3i_821MigtwVKRzPoK02-VRNm7FoVAMmbu6AMb21g','::ffff:192.168.8.94','0000-00-00 00:00:00','0000-00-00 00:00:00'),(97,1,'eyJhbGciOiJIUzI1NiIsInR5cCI6IkpXVCJ9.eyJfaWQiOjEsImVtYWlsIjoidHJlbmRhdGFAbWFpbGluYXRvci5jb20iLCJmaXJzdG5hbWUiOiJqb2huIiwibGFzdG5hbWUiOiJrYXVmIiwibGFuZ3VhZ2UiOjEsImV4cCI6MTQ4MDA1NjU2NSwiaWF0IjoxNDc5NDUxNzY1fQ.47cnTkTRat6OjoMhyKC97AEhX7nrZo2G82SSFbz7Hds','::ffff:192.168.8.94','0000-00-00 00:00:00','0000-00-00 00:00:00'),(98,1,'eyJhbGciOiJIUzI1NiIsInR5cCI6IkpXVCJ9.eyJfaWQiOjEsImVtYWlsIjoidHJlbmRhdGFAbWFpbGluYXRvci5jb20iLCJmaXJzdG5hbWUiOiJqb2huIiwibGFzdG5hbWUiOiJrYXVmIiwibGFuZ3VhZ2UiOjEsImV4cCI6MTQ4MDMyNzcxNCwiaWF0IjoxNDc5NzIyOTE0fQ.VqOBsBw8oVbtooy-pWUE2T-mj80W1u983bRpTwi5Cnk','::ffff:192.168.8.95','0000-00-00 00:00:00','0000-00-00 00:00:00'),(99,1,'eyJhbGciOiJIUzI1NiIsInR5cCI6IkpXVCJ9.eyJfaWQiOjEsImVtYWlsIjoidHJlbmRhdGFAbWFpbGluYXRvci5jb20iLCJmaXJzdG5hbWUiOiJqb2huIiwibGFzdG5hbWUiOiJrYXVmIiwibGFuZ3VhZ2UiOjEsImV4cCI6MTQ4MDMyODI2MSwiaWF0IjoxNDc5NzIzNDYxfQ.RpLzv8pJLz4bVIvq464Gizhw6WWwbLvGTuhRjVKUdWI','::ffff:192.168.8.95','0000-00-00 00:00:00','0000-00-00 00:00:00'),(100,1,'eyJhbGciOiJIUzI1NiIsInR5cCI6IkpXVCJ9.eyJfaWQiOjEsImVtYWlsIjoidHJlbmRhdGFAbWFpbGluYXRvci5jb20iLCJmaXJzdG5hbWUiOiJqb2huIiwibGFzdG5hbWUiOiJrYXVmIiwibGFuZ3VhZ2UiOjEsImV4cCI6MTQ4MDMyODI2MiwiaWF0IjoxNDc5NzIzNDYyfQ.B0Eku_Dm5S_bTh4QTrxB9fVLfDPsKRPYbfMuzSUvxQ8','::ffff:192.168.8.95','0000-00-00 00:00:00','0000-00-00 00:00:00'),(101,1,'eyJhbGciOiJIUzI1NiIsInR5cCI6IkpXVCJ9.eyJfaWQiOjEsImVtYWlsIjoidHJlbmRhdGFAbWFpbGluYXRvci5jb20iLCJmaXJzdG5hbWUiOiJqb2huIiwibGFzdG5hbWUiOiJrYXVmIiwibGFuZ3VhZ2UiOjEsImV4cCI6MTQ4MDMyODI2NSwiaWF0IjoxNDc5NzIzNDY1fQ.P-b8xL_lxLsCWJdfASUzoUm1ApeFvbIvcjDGgj08xdM','::ffff:192.168.8.95','0000-00-00 00:00:00','0000-00-00 00:00:00'),(102,1,'eyJhbGciOiJIUzI1NiIsInR5cCI6IkpXVCJ9.eyJfaWQiOjEsImVtYWlsIjoidHJlbmRhdGFAbWFpbGluYXRvci5jb20iLCJmaXJzdG5hbWUiOiJqb2huIiwibGFzdG5hbWUiOiJrYXVmIiwibGFuZ3VhZ2UiOjEsImV4cCI6MTQ4MDMyODY1OCwiaWF0IjoxNDc5NzIzODU4fQ.s2L8b-1cai4Zub1TGMGXz7cWZMylIgBQ-rwzaLPPNAs','::1','0000-00-00 00:00:00','0000-00-00 00:00:00'),(103,1,'eyJhbGciOiJIUzI1NiIsInR5cCI6IkpXVCJ9.eyJfaWQiOjEsImVtYWlsIjoidHJlbmRhdGFAbWFpbGluYXRvci5jb20iLCJmaXJzdG5hbWUiOiJqb2huIiwibGFzdG5hbWUiOiJrYXVmIiwibGFuZ3VhZ2UiOjEsImV4cCI6MTQ4MDMyODY2MSwiaWF0IjoxNDc5NzIzODYxfQ.T6CKM2Tfy2xahYsHUz1vgmmo1M85qUDYcPjNRNhzzcI','::1','0000-00-00 00:00:00','0000-00-00 00:00:00'),(104,1,'eyJhbGciOiJIUzI1NiIsInR5cCI6IkpXVCJ9.eyJfaWQiOjEsImVtYWlsIjoidHJlbmRhdGFAbWFpbGluYXRvci5jb20iLCJmaXJzdG5hbWUiOiJqb2huIiwibGFzdG5hbWUiOiJrYXVmIiwibGFuZ3VhZ2UiOjEsImV4cCI6MTQ4MDMyODY2MSwiaWF0IjoxNDc5NzIzODYxfQ.T6CKM2Tfy2xahYsHUz1vgmmo1M85qUDYcPjNRNhzzcI','::1','0000-00-00 00:00:00','0000-00-00 00:00:00'),(105,1,'eyJhbGciOiJIUzI1NiIsInR5cCI6IkpXVCJ9.eyJfaWQiOjEsImVtYWlsIjoidHJlbmRhdGFAbWFpbGluYXRvci5jb20iLCJmaXJzdG5hbWUiOiJqb2huIiwibGFzdG5hbWUiOiJrYXVmIiwibGFuZ3VhZ2UiOjEsImV4cCI6MTQ4MDMyODY4MSwiaWF0IjoxNDc5NzIzODgxfQ.LZWBvNZ_8tSKamykPpU1TKn7CzV1_mMXaDSH9Fjc70s','::1','0000-00-00 00:00:00','0000-00-00 00:00:00'),(106,1,'eyJhbGciOiJIUzI1NiIsInR5cCI6IkpXVCJ9.eyJfaWQiOjEsImVtYWlsIjoidHJlbmRhdGFAbWFpbGluYXRvci5jb20iLCJmaXJzdG5hbWUiOiJqb2huIiwibGFzdG5hbWUiOiJrYXVmIiwibGFuZ3VhZ2UiOjEsImV4cCI6MTQ4MDMyODY4MiwiaWF0IjoxNDc5NzIzODgyfQ.4apoKJ3V5izpz53GTw6UaxpKPhz1V10a4r0bcrjAs9M','::1','0000-00-00 00:00:00','0000-00-00 00:00:00'),(107,1,'eyJhbGciOiJIUzI1NiIsInR5cCI6IkpXVCJ9.eyJfaWQiOjEsImVtYWlsIjoidHJlbmRhdGFAbWFpbGluYXRvci5jb20iLCJmaXJzdG5hbWUiOiJqb2huIiwibGFzdG5hbWUiOiJrYXVmIiwibGFuZ3VhZ2UiOjEsImV4cCI6MTQ4MDMyODY4MywiaWF0IjoxNDc5NzIzODgzfQ.8lix34MW8I3ZVZzRWzpwIqpJKN_FQuYjGED3wQj4_FY','::1','0000-00-00 00:00:00','0000-00-00 00:00:00'),(108,1,'eyJhbGciOiJIUzI1NiIsInR5cCI6IkpXVCJ9.eyJfaWQiOjEsImVtYWlsIjoidHJlbmRhdGFAbWFpbGluYXRvci5jb20iLCJmaXJzdG5hbWUiOiJqb2huIiwibGFzdG5hbWUiOiJrYXVmIiwibGFuZ3VhZ2UiOjEsImV4cCI6MTQ4MDMyODY4NCwiaWF0IjoxNDc5NzIzODg0fQ.HIFBQadWq0ropDLzrjckO4RLBJmjl-O9IhDw-dRZtpM','::1','0000-00-00 00:00:00','0000-00-00 00:00:00'),(109,1,'eyJhbGciOiJIUzI1NiIsInR5cCI6IkpXVCJ9.eyJfaWQiOjEsImVtYWlsIjoidHJlbmRhdGFAbWFpbGluYXRvci5jb20iLCJmaXJzdG5hbWUiOiJqb2huIiwibGFzdG5hbWUiOiJrYXVmIiwibGFuZ3VhZ2UiOjEsImV4cCI6MTQ4MDMyODY4NSwiaWF0IjoxNDc5NzIzODg1fQ.dDpXbfzG_MdQj0_IVS0AdQOZHkvpQKbmNOotksSON3c','::1','0000-00-00 00:00:00','0000-00-00 00:00:00'),(110,1,'eyJhbGciOiJIUzI1NiIsInR5cCI6IkpXVCJ9.eyJfaWQiOjEsImVtYWlsIjoidHJlbmRhdGFAbWFpbGluYXRvci5jb20iLCJmaXJzdG5hbWUiOiJqb2huIiwibGFzdG5hbWUiOiJrYXVmIiwibGFuZ3VhZ2UiOjEsImV4cCI6MTQ4MDMyODY4NSwiaWF0IjoxNDc5NzIzODg1fQ.dDpXbfzG_MdQj0_IVS0AdQOZHkvpQKbmNOotksSON3c','::1','0000-00-00 00:00:00','0000-00-00 00:00:00'),(111,1,'eyJhbGciOiJIUzI1NiIsInR5cCI6IkpXVCJ9.eyJfaWQiOjEsImVtYWlsIjoidHJlbmRhdGFAbWFpbGluYXRvci5jb20iLCJmaXJzdG5hbWUiOiJqb2huIiwibGFzdG5hbWUiOiJrYXVmIiwibGFuZ3VhZ2UiOjEsImV4cCI6MTQ4MDMyODY5MywiaWF0IjoxNDc5NzIzODkzfQ.9ZNT0jyYFozannJUVqly7VrSWHGKbOh4krGezKsMwOA','::1','0000-00-00 00:00:00','0000-00-00 00:00:00'),(112,1,'eyJhbGciOiJIUzI1NiIsInR5cCI6IkpXVCJ9.eyJfaWQiOjEsImVtYWlsIjoidHJlbmRhdGFAbWFpbGluYXRvci5jb20iLCJmaXJzdG5hbWUiOiJqb2huIiwibGFzdG5hbWUiOiJrYXVmIiwibGFuZ3VhZ2UiOjEsImV4cCI6MTQ4MDMyODY5NCwiaWF0IjoxNDc5NzIzODk0fQ.YY6d7iZL5ZIWsV2m1w6_OCIdhBNYm7KZ_McVnvL3ZEM','::1','0000-00-00 00:00:00','0000-00-00 00:00:00'),(113,1,'eyJhbGciOiJIUzI1NiIsInR5cCI6IkpXVCJ9.eyJfaWQiOjEsImVtYWlsIjoidHJlbmRhdGFAbWFpbGluYXRvci5jb20iLCJmaXJzdG5hbWUiOiJqb2huIiwibGFzdG5hbWUiOiJrYXVmIiwibGFuZ3VhZ2UiOjEsImV4cCI6MTQ4MDMyODY5NSwiaWF0IjoxNDc5NzIzODk1fQ.9D-vOc_Xwkw08sNG6Wb05rUhHvrbLg_TkieNX0j4wWM','::1','0000-00-00 00:00:00','0000-00-00 00:00:00'),(114,1,'eyJhbGciOiJIUzI1NiIsInR5cCI6IkpXVCJ9.eyJfaWQiOjEsImVtYWlsIjoidHJlbmRhdGFAbWFpbGluYXRvci5jb20iLCJmaXJzdG5hbWUiOiJqb2huIiwibGFzdG5hbWUiOiJrYXVmIiwibGFuZ3VhZ2UiOjEsImV4cCI6MTQ4MDMyODcwMCwiaWF0IjoxNDc5NzIzOTAwfQ.8Y0uteSxTPCjkEEKcHF7A3Ymngigq3Tq5Xdfh0nJukI','::1','0000-00-00 00:00:00','0000-00-00 00:00:00'),(115,1,'eyJhbGciOiJIUzI1NiIsInR5cCI6IkpXVCJ9.eyJfaWQiOjEsImVtYWlsIjoidHJlbmRhdGFAbWFpbGluYXRvci5jb20iLCJmaXJzdG5hbWUiOiJqb2huIiwibGFzdG5hbWUiOiJrYXVmIiwibGFuZ3VhZ2UiOjEsImV4cCI6MTQ4MDMyODcwMCwiaWF0IjoxNDc5NzIzOTAwfQ.8Y0uteSxTPCjkEEKcHF7A3Ymngigq3Tq5Xdfh0nJukI','::1','0000-00-00 00:00:00','0000-00-00 00:00:00'),(116,1,'eyJhbGciOiJIUzI1NiIsInR5cCI6IkpXVCJ9.eyJfaWQiOjEsImVtYWlsIjoidHJlbmRhdGFAbWFpbGluYXRvci5jb20iLCJmaXJzdG5hbWUiOiJqb2huIiwibGFzdG5hbWUiOiJrYXVmIiwibGFuZ3VhZ2UiOjEsImV4cCI6MTQ4MDMyODcwMSwiaWF0IjoxNDc5NzIzOTAxfQ.a8f5oRiCDTL-tcv3K3vqWlmpYllOrqMPdew3thrWkHg','::1','0000-00-00 00:00:00','0000-00-00 00:00:00'),(117,1,'eyJhbGciOiJIUzI1NiIsInR5cCI6IkpXVCJ9.eyJfaWQiOjEsImVtYWlsIjoidHJlbmRhdGFAbWFpbGluYXRvci5jb20iLCJmaXJzdG5hbWUiOiJqb2huIiwibGFzdG5hbWUiOiJrYXVmIiwibGFuZ3VhZ2UiOjEsImV4cCI6MTQ4MDMyODcwMiwiaWF0IjoxNDc5NzIzOTAyfQ.n9PXXtbku2GIc6XXwCsh5lHyXRFDJG4dWfndl1yosTY','::1','0000-00-00 00:00:00','0000-00-00 00:00:00'),(118,1,'eyJhbGciOiJIUzI1NiIsInR5cCI6IkpXVCJ9.eyJfaWQiOjEsImVtYWlsIjoidHJlbmRhdGFAbWFpbGluYXRvci5jb20iLCJmaXJzdG5hbWUiOiJqb2huIiwibGFzdG5hbWUiOiJrYXVmIiwibGFuZ3VhZ2UiOjEsImV4cCI6MTQ4MDMyODcwMiwiaWF0IjoxNDc5NzIzOTAyfQ.n9PXXtbku2GIc6XXwCsh5lHyXRFDJG4dWfndl1yosTY','::1','0000-00-00 00:00:00','0000-00-00 00:00:00'),(119,1,'eyJhbGciOiJIUzI1NiIsInR5cCI6IkpXVCJ9.eyJfaWQiOjEsImVtYWlsIjoidHJlbmRhdGFAbWFpbGluYXRvci5jb20iLCJmaXJzdG5hbWUiOiJqb2huIiwibGFzdG5hbWUiOiJrYXVmIiwibGFuZ3VhZ2UiOjEsImV4cCI6MTQ4MDMyODcwMywiaWF0IjoxNDc5NzIzOTAzfQ.ZHgT6UuCvJs-Tf3l6Pn5vGr-3nSU_Sy9SlC0S1_SuNE','::1','0000-00-00 00:00:00','0000-00-00 00:00:00'),(120,1,'eyJhbGciOiJIUzI1NiIsInR5cCI6IkpXVCJ9.eyJfaWQiOjEsImVtYWlsIjoidHJlbmRhdGFAbWFpbGluYXRvci5jb20iLCJmaXJzdG5hbWUiOiJqb2huIiwibGFzdG5hbWUiOiJrYXVmIiwibGFuZ3VhZ2UiOjEsImV4cCI6MTQ4MDMyODcxNywiaWF0IjoxNDc5NzIzOTE3fQ.aXGp8uD_pISJZ8ayBr1oUY3hVejEKaZy0tX7gyVE7gY','::1','0000-00-00 00:00:00','0000-00-00 00:00:00'),(121,1,'eyJhbGciOiJIUzI1NiIsInR5cCI6IkpXVCJ9.eyJfaWQiOjEsImVtYWlsIjoidHJlbmRhdGFAbWFpbGluYXRvci5jb20iLCJmaXJzdG5hbWUiOiJqb2huIiwibGFzdG5hbWUiOiJrYXVmIiwibGFuZ3VhZ2UiOjEsImV4cCI6MTQ4MDMyODcxNywiaWF0IjoxNDc5NzIzOTE3fQ.aXGp8uD_pISJZ8ayBr1oUY3hVejEKaZy0tX7gyVE7gY','::1','0000-00-00 00:00:00','0000-00-00 00:00:00'),(122,1,'eyJhbGciOiJIUzI1NiIsInR5cCI6IkpXVCJ9.eyJfaWQiOjEsImVtYWlsIjoidHJlbmRhdGFAbWFpbGluYXRvci5jb20iLCJmaXJzdG5hbWUiOiJqb2huIiwibGFzdG5hbWUiOiJrYXVmIiwibGFuZ3VhZ2UiOjEsImV4cCI6MTQ4MDMyODcxOCwiaWF0IjoxNDc5NzIzOTE4fQ.SRyF_ImkF4C22XpK0oecmOF5p9VpnCTe0dF5x3UIo-g','::1','0000-00-00 00:00:00','0000-00-00 00:00:00'),(123,1,'eyJhbGciOiJIUzI1NiIsInR5cCI6IkpXVCJ9.eyJfaWQiOjEsImVtYWlsIjoidHJlbmRhdGFAbWFpbGluYXRvci5jb20iLCJmaXJzdG5hbWUiOiJqb2huIiwibGFzdG5hbWUiOiJrYXVmIiwibGFuZ3VhZ2UiOjEsImV4cCI6MTQ4MDMyODczNiwiaWF0IjoxNDc5NzIzOTM2fQ.6JoXQ8nm5H-igiqOpd1pPUNrdDNuy8GpT0cMHvhDeeQ','::1','0000-00-00 00:00:00','0000-00-00 00:00:00'),(124,1,'eyJhbGciOiJIUzI1NiIsInR5cCI6IkpXVCJ9.eyJfaWQiOjEsImVtYWlsIjoidHJlbmRhdGFAbWFpbGluYXRvci5jb20iLCJmaXJzdG5hbWUiOiJqb2huIiwibGFzdG5hbWUiOiJrYXVmIiwibGFuZ3VhZ2UiOjEsImV4cCI6MTQ4MDMyODczNywiaWF0IjoxNDc5NzIzOTM3fQ.vpVrYuXTSyta3dYJpbDM646bFeKKvuhEuZlTRa-XnK0','::1','0000-00-00 00:00:00','0000-00-00 00:00:00'),(125,1,'eyJhbGciOiJIUzI1NiIsInR5cCI6IkpXVCJ9.eyJfaWQiOjEsImVtYWlsIjoidHJlbmRhdGFAbWFpbGluYXRvci5jb20iLCJmaXJzdG5hbWUiOiJqb2huIiwibGFzdG5hbWUiOiJrYXVmIiwibGFuZ3VhZ2UiOjEsImV4cCI6MTQ4MDMyODgzNCwiaWF0IjoxNDc5NzI0MDM0fQ.0zzVijjjvMBiLIGLCkhKV9QNkpyqkRAgHROdpRhgASE','::1','0000-00-00 00:00:00','0000-00-00 00:00:00'),(126,1,'eyJhbGciOiJIUzI1NiIsInR5cCI6IkpXVCJ9.eyJfaWQiOjEsImVtYWlsIjoidHJlbmRhdGFAbWFpbGluYXRvci5jb20iLCJmaXJzdG5hbWUiOiJqb2huIiwibGFzdG5hbWUiOiJrYXVmIiwibGFuZ3VhZ2UiOjEsImV4cCI6MTQ4MDMyODgzNSwiaWF0IjoxNDc5NzI0MDM1fQ.2XZMSwRsARys-r-ulmaMT_W2GtXKKtJBjvV5Cdll2Gw','::1','0000-00-00 00:00:00','0000-00-00 00:00:00'),(127,1,'eyJhbGciOiJIUzI1NiIsInR5cCI6IkpXVCJ9.eyJfaWQiOjEsImVtYWlsIjoidHJlbmRhdGFAbWFpbGluYXRvci5jb20iLCJmaXJzdG5hbWUiOiJqb2huIiwibGFzdG5hbWUiOiJrYXVmIiwibGFuZ3VhZ2UiOjEsImV4cCI6MTQ4MDMyODgzNiwiaWF0IjoxNDc5NzI0MDM2fQ.1vrvLbDz49o5Ub0DblO5isJWIgzHHYSUOVh9r_uUwdI','::1','0000-00-00 00:00:00','0000-00-00 00:00:00'),(128,1,'eyJhbGciOiJIUzI1NiIsInR5cCI6IkpXVCJ9.eyJfaWQiOjEsImVtYWlsIjoidHJlbmRhdGFAbWFpbGluYXRvci5jb20iLCJmaXJzdG5hbWUiOiJqb2huIiwibGFzdG5hbWUiOiJrYXVmIiwibGFuZ3VhZ2UiOjEsImV4cCI6MTQ4MDMyODgzNiwiaWF0IjoxNDc5NzI0MDM2fQ.1vrvLbDz49o5Ub0DblO5isJWIgzHHYSUOVh9r_uUwdI','::1','0000-00-00 00:00:00','0000-00-00 00:00:00'),(129,1,'eyJhbGciOiJIUzI1NiIsInR5cCI6IkpXVCJ9.eyJfaWQiOjEsImVtYWlsIjoidHJlbmRhdGFAbWFpbGluYXRvci5jb20iLCJmaXJzdG5hbWUiOiJqb2huIiwibGFzdG5hbWUiOiJrYXVmIiwibGFuZ3VhZ2UiOjEsImV4cCI6MTQ4MDMyODgzNywiaWF0IjoxNDc5NzI0MDM3fQ.qSaMBt00PI5rpMdd8TgvIYV0ICOUJrbbIUoHI7nvp-w','::1','0000-00-00 00:00:00','0000-00-00 00:00:00'),(130,1,'eyJhbGciOiJIUzI1NiIsInR5cCI6IkpXVCJ9.eyJfaWQiOjEsImVtYWlsIjoidHJlbmRhdGFAbWFpbGluYXRvci5jb20iLCJmaXJzdG5hbWUiOiJqb2huIiwibGFzdG5hbWUiOiJrYXVmIiwibGFuZ3VhZ2UiOjEsImV4cCI6MTQ4MDMyODgzNywiaWF0IjoxNDc5NzI0MDM3fQ.qSaMBt00PI5rpMdd8TgvIYV0ICOUJrbbIUoHI7nvp-w','::1','0000-00-00 00:00:00','0000-00-00 00:00:00'),(131,1,'eyJhbGciOiJIUzI1NiIsInR5cCI6IkpXVCJ9.eyJfaWQiOjEsImVtYWlsIjoidHJlbmRhdGFAbWFpbGluYXRvci5jb20iLCJmaXJzdG5hbWUiOiJqb2huIiwibGFzdG5hbWUiOiJrYXVmIiwibGFuZ3VhZ2UiOjEsImV4cCI6MTQ4MDMyODgzOCwiaWF0IjoxNDc5NzI0MDM4fQ.U8k60r1YcVgs4gEef1-lJfcZglof5B6h8luGXzlMiuc','::1','0000-00-00 00:00:00','0000-00-00 00:00:00'),(132,1,'eyJhbGciOiJIUzI1NiIsInR5cCI6IkpXVCJ9.eyJfaWQiOjEsImVtYWlsIjoidHJlbmRhdGFAbWFpbGluYXRvci5jb20iLCJmaXJzdG5hbWUiOiJqb2huIiwibGFzdG5hbWUiOiJrYXVmIiwibGFuZ3VhZ2UiOjEsImV4cCI6MTQ4MDMyODgzOSwiaWF0IjoxNDc5NzI0MDM5fQ.A3wXcOvS_vnMsKObcVmbRjjOimmPvPtU1aQDcpO3kKQ','::1','0000-00-00 00:00:00','0000-00-00 00:00:00'),(133,1,'eyJhbGciOiJIUzI1NiIsInR5cCI6IkpXVCJ9.eyJfaWQiOjEsImVtYWlsIjoidHJlbmRhdGFAbWFpbGluYXRvci5jb20iLCJmaXJzdG5hbWUiOiJqb2huIiwibGFzdG5hbWUiOiJrYXVmIiwibGFuZ3VhZ2UiOjEsImV4cCI6MTQ4MDMyODkzMCwiaWF0IjoxNDc5NzI0MTMwfQ.I0z9U93NsJzoQGs28wOIw6O4_FugdyWwPO3tm6gQUXY','::1','0000-00-00 00:00:00','0000-00-00 00:00:00'),(134,1,'eyJhbGciOiJIUzI1NiIsInR5cCI6IkpXVCJ9.eyJfaWQiOjEsImVtYWlsIjoidHJlbmRhdGFAbWFpbGluYXRvci5jb20iLCJmaXJzdG5hbWUiOiJqb2huIiwibGFzdG5hbWUiOiJrYXVmIiwibGFuZ3VhZ2UiOjEsImV4cCI6MTQ4MDMyODkzMSwiaWF0IjoxNDc5NzI0MTMxfQ.HBBgQCYXl14_sflf1MLsK3Ruw_uQRyktpDzBdIGsTkk','::1','0000-00-00 00:00:00','0000-00-00 00:00:00'),(135,1,'eyJhbGciOiJIUzI1NiIsInR5cCI6IkpXVCJ9.eyJfaWQiOjEsImVtYWlsIjoidHJlbmRhdGFAbWFpbGluYXRvci5jb20iLCJmaXJzdG5hbWUiOiJqb2huIiwibGFzdG5hbWUiOiJrYXVmIiwibGFuZ3VhZ2UiOjEsImV4cCI6MTQ4MDMyODk0NCwiaWF0IjoxNDc5NzI0MTQ0fQ.N3EGixBtKu0VA_Gefm0xIFcMZZC0-Cs7Xgbz_hOOOLk','::1','0000-00-00 00:00:00','0000-00-00 00:00:00'),(136,1,'eyJhbGciOiJIUzI1NiIsInR5cCI6IkpXVCJ9.eyJfaWQiOjEsImVtYWlsIjoidHJlbmRhdGFAbWFpbGluYXRvci5jb20iLCJmaXJzdG5hbWUiOiJqb2huIiwibGFzdG5hbWUiOiJrYXVmIiwibGFuZ3VhZ2UiOjEsImV4cCI6MTQ4MDMyODk0OCwiaWF0IjoxNDc5NzI0MTQ4fQ.j5rNgZeY02lT5TQLU9lIwAN2xGH0DcKZGZS0YjnwLfg','::1','0000-00-00 00:00:00','0000-00-00 00:00:00'),(137,1,'eyJhbGciOiJIUzI1NiIsInR5cCI6IkpXVCJ9.eyJfaWQiOjEsImVtYWlsIjoidHJlbmRhdGFAbWFpbGluYXRvci5jb20iLCJmaXJzdG5hbWUiOiJqb2huIiwibGFzdG5hbWUiOiJrYXVmIiwibGFuZ3VhZ2UiOjEsImV4cCI6MTQ4MDU3NDEyNywiaWF0IjoxNDc5OTY5MzI3fQ.9HfMsIAxJR7efTosI6-395By7GWe1rpv6iwexoaTOtw','::ffff:192.168.8.95','0000-00-00 00:00:00','0000-00-00 00:00:00'),(138,1,'eyJhbGciOiJIUzI1NiIsInR5cCI6IkpXVCJ9.eyJfaWQiOjEsImVtYWlsIjoidHJlbmRhdGFAbWFpbGluYXRvci5jb20iLCJmaXJzdG5hbWUiOiJqb2huIiwibGFzdG5hbWUiOiJrYXVmIiwibGFuZ3VhZ2UiOjEsImV4cCI6MTQ4MDU3NDQ2NiwiaWF0IjoxNDc5OTY5NjY2fQ.J3K2M4TS-04u40Vlfl0EjXuYGAlP1DMppPyz7rYFWuk','::ffff:192.168.8.95','0000-00-00 00:00:00','0000-00-00 00:00:00'),(139,1,'eyJhbGciOiJIUzI1NiIsInR5cCI6IkpXVCJ9.eyJfaWQiOjEsImVtYWlsIjoidHJlbmRhdGFAbWFpbGluYXRvci5jb20iLCJmaXJzdG5hbWUiOiJqb2huIiwibGFzdG5hbWUiOiJrYXVmIiwibGFuZ3VhZ2UiOjEsImV4cCI6MTQ4MDU3NDQ3MCwiaWF0IjoxNDc5OTY5NjcwfQ.WOPSpCqdvKmaJEstElDlQeIB3zdkagBHnadoczQ13t8','::ffff:192.168.8.95','0000-00-00 00:00:00','0000-00-00 00:00:00'),(140,1,'eyJhbGciOiJIUzI1NiIsInR5cCI6IkpXVCJ9.eyJfaWQiOjEsImVtYWlsIjoidHJlbmRhdGFAbWFpbGluYXRvci5jb20iLCJmaXJzdG5hbWUiOiJqb2huIiwibGFzdG5hbWUiOiJrYXVmIiwibGFuZ3VhZ2UiOjEsImV4cCI6MTQ4MDU3NDUxMywiaWF0IjoxNDc5OTY5NzEzfQ.c30TsESV5Rygu3O1qCD8mjs8xY4fGSZHE9G1cJ6XY6E','::ffff:192.168.8.95','0000-00-00 00:00:00','0000-00-00 00:00:00'),(141,1,'eyJhbGciOiJIUzI1NiIsInR5cCI6IkpXVCJ9.eyJfaWQiOjEsImVtYWlsIjoidHJlbmRhdGFAbWFpbGluYXRvci5jb20iLCJmaXJzdG5hbWUiOiJqb2huIiwibGFzdG5hbWUiOiJrYXVmIiwibGFuZ3VhZ2UiOjEsImV4cCI6MTQ4MDU3NTM5NCwiaWF0IjoxNDc5OTcwNTk0fQ.eRlAHIpEfl0OBFikdEwsbx75SV0HWhlTY5AjVygJ9PE','::ffff:192.168.8.95','0000-00-00 00:00:00','0000-00-00 00:00:00'),(142,1,'eyJhbGciOiJIUzI1NiIsInR5cCI6IkpXVCJ9.eyJfaWQiOjEsImVtYWlsIjoidHJlbmRhdGFAbWFpbGluYXRvci5jb20iLCJmaXJzdG5hbWUiOiJqb2huIiwibGFzdG5hbWUiOiJrYXVmIiwibGFuZ3VhZ2UiOjEsImV4cCI6MTQ4MDU3NTM5NSwiaWF0IjoxNDc5OTcwNTk1fQ.0Q6LxSESh3IPe5-v7DDVXq_bidb2icbU0sXkHv3Z-b4','::ffff:192.168.8.95','0000-00-00 00:00:00','0000-00-00 00:00:00'),(143,1,'eyJhbGciOiJIUzI1NiIsInR5cCI6IkpXVCJ9.eyJfaWQiOjEsImVtYWlsIjoidHJlbmRhdGFAbWFpbGluYXRvci5jb20iLCJmaXJzdG5hbWUiOiJqb2huIiwibGFzdG5hbWUiOiJrYXVmIiwibGFuZ3VhZ2UiOjEsImV4cCI6MTQ4MDU3NTU0MSwiaWF0IjoxNDc5OTcwNzQxfQ.ElAaDOGxgODhCtfwUwak1ut3G7H0divB53OdQ4MX-8g','::ffff:192.168.8.95','0000-00-00 00:00:00','0000-00-00 00:00:00'),(144,1,'eyJhbGciOiJIUzI1NiIsInR5cCI6IkpXVCJ9.eyJfaWQiOjEsImVtYWlsIjoidHJlbmRhdGFAbWFpbGluYXRvci5jb20iLCJmaXJzdG5hbWUiOiJqb2huIiwibGFzdG5hbWUiOiJrYXVmIiwibGFuZ3VhZ2UiOjEsImV4cCI6MTQ4MDU4MzU2NCwiaWF0IjoxNDc5OTc4NzY0fQ.STnYUHMx11-1fufKjiNQ2flxCUe36w7SVYBk0mDs90A','::ffff:192.168.8.95','0000-00-00 00:00:00','0000-00-00 00:00:00'),(145,1,'eyJhbGciOiJIUzI1NiIsInR5cCI6IkpXVCJ9.eyJfaWQiOjEsImVtYWlsIjoidHJlbmRhdGFAbWFpbGluYXRvci5jb20iLCJmaXJzdG5hbWUiOiJqb2huIiwibGFzdG5hbWUiOiJrYXVmIiwibGFuZ3VhZ2UiOjEsImV4cCI6MTQ4MDU4MzU2NCwiaWF0IjoxNDc5OTc4NzY0fQ.STnYUHMx11-1fufKjiNQ2flxCUe36w7SVYBk0mDs90A','::ffff:192.168.8.94','0000-00-00 00:00:00','0000-00-00 00:00:00'),(146,1,'eyJhbGciOiJIUzI1NiIsInR5cCI6IkpXVCJ9.eyJfaWQiOjEsImVtYWlsIjoidHJlbmRhdGFAbWFpbGluYXRvci5jb20iLCJmaXJzdG5hbWUiOiJqb2huIiwibGFzdG5hbWUiOiJrYXVmIiwibGFuZ3VhZ2UiOjEsImV4cCI6MTQ4MDU4MzgyMywiaWF0IjoxNDc5OTc5MDIzfQ.Gzf8Q5ZhTj4usEnJslexSKiMD_if-yun5nz6uIvNFLA','::ffff:192.168.8.95','0000-00-00 00:00:00','0000-00-00 00:00:00'),(147,1,'eyJhbGciOiJIUzI1NiIsInR5cCI6IkpXVCJ9.eyJfaWQiOjEsImVtYWlsIjoidHJlbmRhdGFAbWFpbGluYXRvci5jb20iLCJmaXJzdG5hbWUiOiJqb2huIiwibGFzdG5hbWUiOiJrYXVmIiwibGFuZ3VhZ2UiOjEsImV4cCI6MTQ4MDU5MjUzNSwiaWF0IjoxNDc5OTg3NzM1fQ.-J8pQt1HY8SngSdcT-XPvrnOCZ8wEYp3gUDNW8rDWO4','::ffff:192.168.8.95','0000-00-00 00:00:00','0000-00-00 00:00:00'),(148,1,'eyJhbGciOiJIUzI1NiIsInR5cCI6IkpXVCJ9.eyJfaWQiOjEsImVtYWlsIjoidHJlbmRhdGFAbWFpbGluYXRvci5jb20iLCJmaXJzdG5hbWUiOiJqb2huIiwibGFzdG5hbWUiOiJrYXVmIiwibGFuZ3VhZ2UiOjEsImV4cCI6MTQ4MDkzNDUwNiwiaWF0IjoxNDgwMzI5NzA2fQ.WDAyQUhj_VHub_mLSKGsIkf_hEzJ3M8nRf9igZ9oZVo','::ffff:192.168.8.248','0000-00-00 00:00:00','0000-00-00 00:00:00'),(149,1,'eyJhbGciOiJIUzI1NiIsInR5cCI6IkpXVCJ9.eyJfaWQiOjEsImVtYWlsIjoidHJlbmRhdGFAbWFpbGluYXRvci5jb20iLCJmaXJzdG5hbWUiOiJqb2huIiwibGFzdG5hbWUiOiJrYXVmIiwibGFuZ3VhZ2UiOjEsImV4cCI6MTQ4MTEwMTE3MywiaWF0IjoxNDgwNDk2MzczfQ.bnG3sgNl9poY8VwuunGqW7WR8LGO9Kr6iF1ydFxgW4g','::ffff:192.168.8.94','0000-00-00 00:00:00','0000-00-00 00:00:00'),(150,1,'eyJhbGciOiJIUzI1NiIsInR5cCI6IkpXVCJ9.eyJfaWQiOjEsImVtYWlsIjoidHJlbmRhdGFAbWFpbGluYXRvci5jb20iLCJmaXJzdG5hbWUiOiJqb2huIiwibGFzdG5hbWUiOiJrYXVmIiwibGFuZ3VhZ2UiOjEsImV4cCI6MTQ4MTExNTcwNywiaWF0IjoxNDgwNTEwOTA3fQ.xwbvj8GfVqTpGBGKgP2NERnWZX7MY6vzubaFd3JTUIw','::ffff:192.168.8.94','0000-00-00 00:00:00','0000-00-00 00:00:00'),(151,1,'eyJhbGciOiJIUzI1NiIsInR5cCI6IkpXVCJ9.eyJfaWQiOjEsImVtYWlsIjoidHJlbmRhdGFAbWFpbGluYXRvci5jb20iLCJmaXJzdG5hbWUiOiJqb2huIiwibGFzdG5hbWUiOiJrYXVmIiwibGFuZ3VhZ2UiOjEsImV4cCI6MTQ4MTIwNTAyOSwiaWF0IjoxNDgwNjAwMjI5fQ.T9tSV7HxSb-fvtr45o4POPh-I45Q0_XLImzXuUCX4no','::ffff:192.168.8.102','0000-00-00 00:00:00','0000-00-00 00:00:00'),(152,1,'eyJhbGciOiJIUzI1NiIsInR5cCI6IkpXVCJ9.eyJfaWQiOjEsImVtYWlsIjoidHJlbmRhdGFAbWFpbGluYXRvci5jb20iLCJmaXJzdG5hbWUiOiJqb2huIiwibGFzdG5hbWUiOiJrYXVmIiwibGFuZ3VhZ2UiOjEsImV4cCI6MTQ4MTIwNTE0MSwiaWF0IjoxNDgwNjAwMzQxfQ.PQ8L1iStRoj2m6NaUNTJPpGrr_RWwtkd_8_eOm4jobU','::ffff:192.168.8.102','0000-00-00 00:00:00','0000-00-00 00:00:00'),(153,1,'eyJhbGciOiJIUzI1NiIsInR5cCI6IkpXVCJ9.eyJfaWQiOjEsImVtYWlsIjoidHJlbmRhdGFAbWFpbGluYXRvci5jb20iLCJmaXJzdG5hbWUiOiJqb2huIiwibGFzdG5hbWUiOiJrYXVmIiwibGFuZ3VhZ2UiOjEsImV4cCI6MTQ4MTIwNTIwNiwiaWF0IjoxNDgwNjAwNDA2fQ.asnm90L0W1x7kLc3SDdBGevBns_Dcwy-KJjgCj9_uUY','::ffff:192.168.8.102','0000-00-00 00:00:00','0000-00-00 00:00:00'),(154,1,'eyJhbGciOiJIUzI1NiIsInR5cCI6IkpXVCJ9.eyJfaWQiOjEsImVtYWlsIjoidHJlbmRhdGFAbWFpbGluYXRvci5jb20iLCJmaXJzdG5hbWUiOiJqb2huIiwibGFzdG5hbWUiOiJrYXVmIiwibGFuZ3VhZ2UiOjEsImV4cCI6MTQ4MTIwNTI2MiwiaWF0IjoxNDgwNjAwNDYyfQ.28Lwxwy3lFZwi4kNCYflT4-0hRTsIjUAn2NG4SmFpz8','::ffff:192.168.8.102','0000-00-00 00:00:00','0000-00-00 00:00:00'),(155,1,'eyJhbGciOiJIUzI1NiIsInR5cCI6IkpXVCJ9.eyJfaWQiOjEsImVtYWlsIjoidHJlbmRhdGFAbWFpbGluYXRvci5jb20iLCJmaXJzdG5hbWUiOiJqb2huIiwibGFzdG5hbWUiOiJrYXVmIiwibGFuZ3VhZ2UiOjEsImV4cCI6MTQ4MTIwNTU2NiwiaWF0IjoxNDgwNjAwNzY2fQ.7oBpMksu53U1ZtjilDF_hWk3Nl-64Gg5fBL6Qbg6-DU','::ffff:192.168.8.102','0000-00-00 00:00:00','0000-00-00 00:00:00'),(156,1,'eyJhbGciOiJIUzI1NiIsInR5cCI6IkpXVCJ9.eyJfaWQiOjEsImVtYWlsIjoidHJlbmRhdGFAbWFpbGluYXRvci5jb20iLCJmaXJzdG5hbWUiOiJqb2huIiwibGFzdG5hbWUiOiJrYXVmIiwibGFuZ3VhZ2UiOjEsImV4cCI6MTQ4MTI2NjMzMiwiaWF0IjoxNDgwNjYxNTMyfQ.O33thFBbzZ0a9NkIp2ufm_hXJTigs1CQ-4YoacWFzQ0','::ffff:192.168.8.95','0000-00-00 00:00:00','0000-00-00 00:00:00'),(157,1,'eyJhbGciOiJIUzI1NiIsInR5cCI6IkpXVCJ9.eyJfaWQiOjEsImVtYWlsIjoidHJlbmRhdGFAbWFpbGluYXRvci5jb20iLCJmaXJzdG5hbWUiOiJqb2huIiwibGFzdG5hbWUiOiJrYXVmIiwibGFuZ3VhZ2UiOjEsImV4cCI6MTQ4MTI2OTUwNywiaWF0IjoxNDgwNjY0NzA3fQ.r0lTmPmo3yQQK4tMJYTmOVj_hsxo92Y9ZLXNYZnqz34','::ffff:192.168.8.94','0000-00-00 00:00:00','0000-00-00 00:00:00'),(158,1,'eyJhbGciOiJIUzI1NiIsInR5cCI6IkpXVCJ9.eyJfaWQiOjEsImVtYWlsIjoidHJlbmRhdGFAbWFpbGluYXRvci5jb20iLCJmaXJzdG5hbWUiOiJqb2huIiwibGFzdG5hbWUiOiJrYXVmIiwibGFuZ3VhZ2UiOjEsImV4cCI6MTQ4MTI3NjEwOCwiaWF0IjoxNDgwNjcxMzA4fQ.Ave_XkCl53Me1RAevN-AhL7pK2tA-AXA6KvujoKCX_c','::ffff:192.168.8.95','0000-00-00 00:00:00','0000-00-00 00:00:00'),(159,1,'eyJhbGciOiJIUzI1NiIsInR5cCI6IkpXVCJ9.eyJfaWQiOjEsImVtYWlsIjoidHJlbmRhdGFAbWFpbGluYXRvci5jb20iLCJmaXJzdG5hbWUiOiJqb2huIiwibGFzdG5hbWUiOiJrYXVmIiwibGFuZ3VhZ2UiOjEsImV4cCI6MTQ4MTI3NjU2MCwiaWF0IjoxNDgwNjcxNzYwfQ.giAy3iYPEVs0bSgSVv-eGZzv9jh5hJQY_Q2FK_y583Y','::ffff:192.168.8.95','0000-00-00 00:00:00','0000-00-00 00:00:00'),(160,1,'eyJhbGciOiJIUzI1NiIsInR5cCI6IkpXVCJ9.eyJfaWQiOjEsImVtYWlsIjoidHJlbmRhdGFAbWFpbGluYXRvci5jb20iLCJmaXJzdG5hbWUiOiJqb2huIiwibGFzdG5hbWUiOiJrYXVmIiwibGFuZ3VhZ2UiOjEsImV4cCI6MTQ4MTI4MjI3NSwiaWF0IjoxNDgwNjc3NDc1fQ.qtS3NeQqnMZSpu9jVisUw3sbISQGUpRGoNJGOJlY4TE','::ffff:192.168.8.94','0000-00-00 00:00:00','0000-00-00 00:00:00'),(161,1,'eyJhbGciOiJIUzI1NiIsInR5cCI6IkpXVCJ9.eyJfaWQiOjEsImVtYWlsIjoidHJlbmRhdGFAbWFpbGluYXRvci5jb20iLCJmaXJzdG5hbWUiOiJqb2huIiwibGFzdG5hbWUiOiJrYXVmIiwibGFuZ3VhZ2UiOjEsImV4cCI6MTQ4MTI4NDYwOCwiaWF0IjoxNDgwNjc5ODA4fQ.mU8SIzPPp-HSgH8EFCvLAJq0petGxhac91yrAZ9WvGM','::ffff:192.168.8.102','0000-00-00 00:00:00','0000-00-00 00:00:00'),(162,1,'eyJhbGciOiJIUzI1NiIsInR5cCI6IkpXVCJ9.eyJfaWQiOjEsImVtYWlsIjoidHJlbmRhdGFAbWFpbGluYXRvci5jb20iLCJmaXJzdG5hbWUiOiJqb2huIiwibGFzdG5hbWUiOiJrYXVmIiwibGFuZ3VhZ2UiOjEsImV4cCI6MTQ4MTI4NjMzMCwiaWF0IjoxNDgwNjgxNTMwfQ.beFViLcTGeOprWB7PE1CBuFstZbMkEEwCWLCQgWWAWc','::ffff:192.168.8.102','0000-00-00 00:00:00','0000-00-00 00:00:00'),(163,1,'eyJhbGciOiJIUzI1NiIsInR5cCI6IkpXVCJ9.eyJfaWQiOjEsImVtYWlsIjoidHJlbmRhdGFAbWFpbGluYXRvci5jb20iLCJmaXJzdG5hbWUiOiJqb2huIiwibGFzdG5hbWUiOiJrYXVmIiwibGFuZ3VhZ2UiOjEsImV4cCI6MTQ4MTI4NjMzNCwiaWF0IjoxNDgwNjgxNTM0fQ.1cYLhUzThzJ2GGXXlmX_zULTLccjKAnU3ueV6zXKUkc','::ffff:192.168.8.102','0000-00-00 00:00:00','0000-00-00 00:00:00'),(164,1,'eyJhbGciOiJIUzI1NiIsInR5cCI6IkpXVCJ9.eyJfaWQiOjEsImVtYWlsIjoidHJlbmRhdGFAbWFpbGluYXRvci5jb20iLCJmaXJzdG5hbWUiOiJqb2huIiwibGFzdG5hbWUiOiJrYXVmIiwibGFuZ3VhZ2UiOjEsImV4cCI6MTQ4MTI4NjM0NCwiaWF0IjoxNDgwNjgxNTQ0fQ.keM9FJwkxutEhKTOW1TF1sBkQpixodvPjGJeP6eDT-o','::ffff:192.168.8.102','0000-00-00 00:00:00','0000-00-00 00:00:00'),(165,1,'eyJhbGciOiJIUzI1NiIsInR5cCI6IkpXVCJ9.eyJfaWQiOjEsImVtYWlsIjoidHJlbmRhdGFAbWFpbGluYXRvci5jb20iLCJmaXJzdG5hbWUiOiJqb2huIiwibGFzdG5hbWUiOiJrYXVmIiwibGFuZ3VhZ2UiOjEsImV4cCI6MTQ4MTI4NjM0NiwiaWF0IjoxNDgwNjgxNTQ2fQ.8THAPjE2htSyJn2wEQBWEHZA7KeMFFWMKfaZS4v1J_4','::ffff:192.168.8.102','0000-00-00 00:00:00','0000-00-00 00:00:00'),(166,1,'eyJhbGciOiJIUzI1NiIsInR5cCI6IkpXVCJ9.eyJfaWQiOjEsImVtYWlsIjoidHJlbmRhdGFAbWFpbGluYXRvci5jb20iLCJmaXJzdG5hbWUiOiJqb2huIiwibGFzdG5hbWUiOiJrYXVmIiwibGFuZ3VhZ2UiOjEsImV4cCI6MTQ4MTI4NjM0NiwiaWF0IjoxNDgwNjgxNTQ2fQ.8THAPjE2htSyJn2wEQBWEHZA7KeMFFWMKfaZS4v1J_4','::ffff:192.168.8.102','0000-00-00 00:00:00','0000-00-00 00:00:00'),(167,1,'eyJhbGciOiJIUzI1NiIsInR5cCI6IkpXVCJ9.eyJfaWQiOjEsImVtYWlsIjoidHJlbmRhdGFAbWFpbGluYXRvci5jb20iLCJmaXJzdG5hbWUiOiJqb2huIiwibGFzdG5hbWUiOiJrYXVmIiwibGFuZ3VhZ2UiOjEsImV4cCI6MTQ4MTI4NjM1NywiaWF0IjoxNDgwNjgxNTU3fQ.RgARqiEQGXR5s-VZfEmz79pFOlElgGJwllXCKMY1i0o','::ffff:192.168.8.102','0000-00-00 00:00:00','0000-00-00 00:00:00'),(168,1,'eyJhbGciOiJIUzI1NiIsInR5cCI6IkpXVCJ9.eyJfaWQiOjEsImVtYWlsIjoidHJlbmRhdGFAbWFpbGluYXRvci5jb20iLCJmaXJzdG5hbWUiOiJqb2huIiwibGFzdG5hbWUiOiJrYXVmIiwibGFuZ3VhZ2UiOjEsImV4cCI6MTQ4MTI4NjM3MSwiaWF0IjoxNDgwNjgxNTcxfQ.wGNj7EQmTRrDUn9FdVkUs995WrqRD_T7tuylPhJ8csQ','::ffff:192.168.8.102','0000-00-00 00:00:00','0000-00-00 00:00:00'),(169,1,'eyJhbGciOiJIUzI1NiIsInR5cCI6IkpXVCJ9.eyJfaWQiOjEsImVtYWlsIjoidHJlbmRhdGFAbWFpbGluYXRvci5jb20iLCJmaXJzdG5hbWUiOiJqb2huIiwibGFzdG5hbWUiOiJrYXVmIiwibGFuZ3VhZ2UiOjEsImV4cCI6MTQ4MTI4NjM3MywiaWF0IjoxNDgwNjgxNTczfQ.fwp5EopNTu4y-2IYyMowznKsEWBKAVMlnDbYromH1Vw','::ffff:192.168.8.102','0000-00-00 00:00:00','0000-00-00 00:00:00'),(170,1,'eyJhbGciOiJIUzI1NiIsInR5cCI6IkpXVCJ9.eyJfaWQiOjEsImVtYWlsIjoidHJlbmRhdGFAbWFpbGluYXRvci5jb20iLCJmaXJzdG5hbWUiOiJqb2huIiwibGFzdG5hbWUiOiJrYXVmIiwibGFuZ3VhZ2UiOjEsImV4cCI6MTQ4MTI4NjQwOCwiaWF0IjoxNDgwNjgxNjA4fQ.Pwt0p2cgyLninJzXlIyxQyl2HoKcfvnwmqWtwO8Xf78','::ffff:192.168.8.102','0000-00-00 00:00:00','0000-00-00 00:00:00'),(171,1,'eyJhbGciOiJIUzI1NiIsInR5cCI6IkpXVCJ9.eyJfaWQiOjEsImVtYWlsIjoidHJlbmRhdGFAbWFpbGluYXRvci5jb20iLCJmaXJzdG5hbWUiOiJqb2huIiwibGFzdG5hbWUiOiJrYXVmIiwibGFuZ3VhZ2UiOjEsImV4cCI6MTQ4MTI4NjQxMiwiaWF0IjoxNDgwNjgxNjEyfQ.PklNRT0IqJy14absLqVEgk_9BQahBxxzMynNOPD2lZM','::ffff:192.168.8.102','0000-00-00 00:00:00','0000-00-00 00:00:00'),(172,1,'eyJhbGciOiJIUzI1NiIsInR5cCI6IkpXVCJ9.eyJfaWQiOjEsImVtYWlsIjoidHJlbmRhdGFAbWFpbGluYXRvci5jb20iLCJmaXJzdG5hbWUiOiJqb2huIiwibGFzdG5hbWUiOiJrYXVmIiwibGFuZ3VhZ2UiOjEsImV4cCI6MTQ4MTI4NjQxNSwiaWF0IjoxNDgwNjgxNjE1fQ.mwEIJU6bsR3cE3rbc8YbSuLH8vhHpTAbDm37igDlaRY','::ffff:192.168.8.102','0000-00-00 00:00:00','0000-00-00 00:00:00'),(173,1,'eyJhbGciOiJIUzI1NiIsInR5cCI6IkpXVCJ9.eyJfaWQiOjEsImVtYWlsIjoidHJlbmRhdGFAbWFpbGluYXRvci5jb20iLCJmaXJzdG5hbWUiOiJqb2huIiwibGFzdG5hbWUiOiJrYXVmIiwibGFuZ3VhZ2UiOjEsImV4cCI6MTQ4MTI4NjQ1OSwiaWF0IjoxNDgwNjgxNjU5fQ.81DRikkLEheXuG0puCc1ikdkV7SRzscZns4nY73FkKE','::ffff:192.168.8.102','0000-00-00 00:00:00','0000-00-00 00:00:00'),(174,1,'eyJhbGciOiJIUzI1NiIsInR5cCI6IkpXVCJ9.eyJfaWQiOjEsImVtYWlsIjoidHJlbmRhdGFAbWFpbGluYXRvci5jb20iLCJmaXJzdG5hbWUiOiJqb2huIiwibGFzdG5hbWUiOiJrYXVmIiwibGFuZ3VhZ2UiOjEsImV4cCI6MTQ4MTI4NjU4MywiaWF0IjoxNDgwNjgxNzgzfQ.ik6t8NopFi9AZa6r5fQexo76vAQS8EJtQG2dxtroU0c','::ffff:192.168.8.102','0000-00-00 00:00:00','0000-00-00 00:00:00'),(175,1,'eyJhbGciOiJIUzI1NiIsInR5cCI6IkpXVCJ9.eyJfaWQiOjEsImVtYWlsIjoidHJlbmRhdGFAbWFpbGluYXRvci5jb20iLCJmaXJzdG5hbWUiOiJqb2huIiwibGFzdG5hbWUiOiJrYXVmIiwibGFuZ3VhZ2UiOjEsImV4cCI6MTQ4MTI4NzIwOSwiaWF0IjoxNDgwNjgyNDA5fQ.2jfxJZFdCiqbtSxtFjNi35Ba1dc4szAw_n4DinB972A','::ffff:192.168.8.102','0000-00-00 00:00:00','0000-00-00 00:00:00'),(176,1,'eyJhbGciOiJIUzI1NiIsInR5cCI6IkpXVCJ9.eyJfaWQiOjEsImVtYWlsIjoidHJlbmRhdGFAbWFpbGluYXRvci5jb20iLCJmaXJzdG5hbWUiOiJqb2huIiwibGFzdG5hbWUiOiJrYXVmIiwibGFuZ3VhZ2UiOjEsImV4cCI6MTQ4MTI4NzQ5NywiaWF0IjoxNDgwNjgyNjk3fQ.VtvqEME2WVCefaOIHYSvU_VdODx2gzBHd0whdEcHMic','::ffff:192.168.8.102','0000-00-00 00:00:00','0000-00-00 00:00:00'),(177,1,'eyJhbGciOiJIUzI1NiIsInR5cCI6IkpXVCJ9.eyJfaWQiOjEsImVtYWlsIjoidHJlbmRhdGFAbWFpbGluYXRvci5jb20iLCJmaXJzdG5hbWUiOiJqb2huIiwibGFzdG5hbWUiOiJrYXVmIiwibGFuZ3VhZ2UiOjEsImV4cCI6MTQ4MTI4Nzg4MSwiaWF0IjoxNDgwNjgzMDgxfQ.ZuFXLa-OTpr7gvWYbzHWcyL92hzeD7-aeH0dg4_Rytk','::ffff:192.168.8.102','0000-00-00 00:00:00','0000-00-00 00:00:00'),(178,1,'eyJhbGciOiJIUzI1NiIsInR5cCI6IkpXVCJ9.eyJfaWQiOjEsImVtYWlsIjoidHJlbmRhdGFAbWFpbGluYXRvci5jb20iLCJmaXJzdG5hbWUiOiJqb2huIiwibGFzdG5hbWUiOiJrYXVmIiwibGFuZ3VhZ2UiOjEsImV4cCI6MTQ4MTUyNDIwNiwiaWF0IjoxNDgwOTE5NDA2fQ.lYtw1SeAWgTYgPDdqPRyInY60d4TZWDmQU-GEUVoVfM','::ffff:192.168.8.102','0000-00-00 00:00:00','0000-00-00 00:00:00'),(179,1,'eyJhbGciOiJIUzI1NiIsInR5cCI6IkpXVCJ9.eyJfaWQiOjEsImVtYWlsIjoidHJlbmRhdGFAbWFpbGluYXRvci5jb20iLCJmaXJzdG5hbWUiOiJqb2huIiwibGFzdG5hbWUiOiJrYXVmIiwibGFuZ3VhZ2UiOjEsImV4cCI6MTQ4MTUzODM2NywiaWF0IjoxNDgwOTMzNTY3fQ.8wQmzTjub10TBwNOZ9_IoALIZSIpZv65ucKrE3PHnLo','::ffff:192.168.8.94','0000-00-00 00:00:00','0000-00-00 00:00:00'),(180,1,'eyJhbGciOiJIUzI1NiIsInR5cCI6IkpXVCJ9.eyJfaWQiOjEsImVtYWlsIjoidHJlbmRhdGFAbWFpbGluYXRvci5jb20iLCJmaXJzdG5hbWUiOiJqb2huIiwibGFzdG5hbWUiOiJrYXVmIiwibGFuZ3VhZ2UiOjEsImV4cCI6MTQ4MTU0NTIxNSwiaWF0IjoxNDgwOTQwNDE1fQ.MPZRIPyk-JKiaVnYyohQnyF1Cn4WUw3CiBhHSQ5G7vs','::ffff:192.168.8.102','0000-00-00 00:00:00','0000-00-00 00:00:00'),(181,1,'eyJhbGciOiJIUzI1NiIsInR5cCI6IkpXVCJ9.eyJfaWQiOjEsImVtYWlsIjoidHJlbmRhdGFAbWFpbGluYXRvci5jb20iLCJmaXJzdG5hbWUiOiJqb2huIiwibGFzdG5hbWUiOiJrYXVmIiwibGFuZ3VhZ2UiOjEsImV4cCI6MTQ4MTYwNjE0MiwiaWF0IjoxNDgxMDAxMzQyfQ.JuICwf96oSnLUmsVakgoMFxZYoJ8gwyfO-MkIqivKH0','::ffff:192.168.8.95','0000-00-00 00:00:00','0000-00-00 00:00:00'),(182,1,'eyJhbGciOiJIUzI1NiIsInR5cCI6IkpXVCJ9.eyJfaWQiOjEsImVtYWlsIjoidHJlbmRhdGFAbWFpbGluYXRvci5jb20iLCJmaXJzdG5hbWUiOiJqb2huIiwibGFzdG5hbWUiOiJrYXVmIiwibGFuZ3VhZ2UiOjEsImV4cCI6MTQ4MTYxMDg5MywiaWF0IjoxNDgxMDA2MDkzfQ.jxOZT05KhofgJDg_cePEYAmNTN9E-1zchztnB0WDdfg','::ffff:192.168.8.95','0000-00-00 00:00:00','0000-00-00 00:00:00'),(183,1,'eyJhbGciOiJIUzI1NiIsInR5cCI6IkpXVCJ9.eyJfaWQiOjEsImVtYWlsIjoidHJlbmRhdGFAbWFpbGluYXRvci5jb20iLCJmaXJzdG5hbWUiOiJqb2huIiwibGFzdG5hbWUiOiJrYXVmIiwibGFuZ3VhZ2UiOjEsImV4cCI6MTQ4MTYxMDkwNiwiaWF0IjoxNDgxMDA2MTA2fQ.uObcoPndUHwtzg3m2SF2dSUN0ST2sHHwHWnZ5EIR7YE','::ffff:192.168.8.95','0000-00-00 00:00:00','0000-00-00 00:00:00'),(184,1,'eyJhbGciOiJIUzI1NiIsInR5cCI6IkpXVCJ9.eyJfaWQiOjEsImVtYWlsIjoidHJlbmRhdGFAbWFpbGluYXRvci5jb20iLCJmaXJzdG5hbWUiOiJqb2huIiwibGFzdG5hbWUiOiJrYXVmIiwibGFuZ3VhZ2UiOjEsImV4cCI6MTQ4MTYxMzI0OCwiaWF0IjoxNDgxMDA4NDQ4fQ.AVn67ge7EQj0o0fzpvN0VPDlUdcaY5HUFuBXegYsp1k','::ffff:192.168.8.102','0000-00-00 00:00:00','0000-00-00 00:00:00'),(185,1,'eyJhbGciOiJIUzI1NiIsInR5cCI6IkpXVCJ9.eyJfaWQiOjEsImVtYWlsIjoidHJlbmRhdGFAbWFpbGluYXRvci5jb20iLCJmaXJzdG5hbWUiOiJqb2huIiwibGFzdG5hbWUiOiJrYXVmIiwibGFuZ3VhZ2UiOjEsImV4cCI6MTQ4MTcyNzE5MywiaWF0IjoxNDgxMTIyMzkzfQ.e_hdso5elwpzncPjDmR7GTU3b-ykQ8ThgCQsHsQs2uI','::ffff:192.168.8.94','0000-00-00 00:00:00','0000-00-00 00:00:00'),(186,1,'eyJhbGciOiJIUzI1NiIsInR5cCI6IkpXVCJ9.eyJfaWQiOjEsImVtYWlsIjoidHJlbmRhdGFAbWFpbGluYXRvci5jb20iLCJmaXJzdG5hbWUiOiJqb2huIiwibGFzdG5hbWUiOiJrYXVmIiwibGFuZ3VhZ2UiOjEsImV4cCI6MTQ4MTg4NDgxOCwiaWF0IjoxNDgxMjgwMDE4fQ.rPh1W8iaQQRudgU7kfnrI88XbClKnT7zzUpqgIVRxZM','::1','0000-00-00 00:00:00','0000-00-00 00:00:00'),(187,1,'eyJhbGciOiJIUzI1NiIsInR5cCI6IkpXVCJ9.eyJfaWQiOjEsImVtYWlsIjoidHJlbmRhdGFAbWFpbGluYXRvci5jb20iLCJmaXJzdG5hbWUiOiJqb2huIiwibGFzdG5hbWUiOiJrYXVmIiwibGFuZ3VhZ2UiOjEsImV4cCI6MTQ4MTg4NjQwOSwiaWF0IjoxNDgxMjgxNjA5fQ.REVgX8hB1Y1uNj5VSewoglq5yV1kGr2pIXWp-GVNKIU','::1','0000-00-00 00:00:00','0000-00-00 00:00:00'),(188,1,'eyJhbGciOiJIUzI1NiIsInR5cCI6IkpXVCJ9.eyJfaWQiOjEsImVtYWlsIjoidHJlbmRhdGFAbWFpbGluYXRvci5jb20iLCJmaXJzdG5hbWUiOiJqb2huIiwibGFzdG5hbWUiOiJrYXVmIiwibGFuZ3VhZ2UiOjEsImV4cCI6MTQ4MTg5MDc2NiwiaWF0IjoxNDgxMjg1OTY2fQ.-tgNu334UEvkCrH2yfnf5EEzI1s9Bvfiirgh3nc0KcE','::ffff:192.168.8.95','0000-00-00 00:00:00','0000-00-00 00:00:00'),(189,1,'eyJhbGciOiJIUzI1NiIsInR5cCI6IkpXVCJ9.eyJfaWQiOjEsImVtYWlsIjoidHJlbmRhdGFAbWFpbGluYXRvci5jb20iLCJmaXJzdG5hbWUiOiJqb2huIiwibGFzdG5hbWUiOiJrYXVmIiwibGFuZ3VhZ2UiOjEsImV4cCI6MTQ4MTg5MDg4NCwiaWF0IjoxNDgxMjg2MDg0fQ.lm4gfFvOIwtuPj3VH0-AvYzkoaogfjrAIlTGr4F62Bg','::ffff:192.168.8.95','0000-00-00 00:00:00','0000-00-00 00:00:00'),(190,1,'eyJhbGciOiJIUzI1NiIsInR5cCI6IkpXVCJ9.eyJfaWQiOjEsImVtYWlsIjoidHJlbmRhdGFAbWFpbGluYXRvci5jb20iLCJmaXJzdG5hbWUiOiJqb2huIiwibGFzdG5hbWUiOiJrYXVmIiwibGFuZ3VhZ2UiOjEsImV4cCI6MTQ4MTg5NTM5OSwiaWF0IjoxNDgxMjkwNTk5fQ.vkMU19-VwOXHsTpJkCiZwUESUXq13xJpq2vX4ozAXC8','::ffff:192.168.8.95','0000-00-00 00:00:00','0000-00-00 00:00:00'),(191,1,'eyJhbGciOiJIUzI1NiIsInR5cCI6IkpXVCJ9.eyJfaWQiOjEsImVtYWlsIjoidHJlbmRhdGFAbWFpbGluYXRvci5jb20iLCJmaXJzdG5hbWUiOiJqb2huIiwibGFzdG5hbWUiOiJrYXVmIiwibGFuZ3VhZ2UiOjEsImV4cCI6MTQ4MjE1ODIzMiwiaWF0IjoxNDgxNTUzNDMyfQ.WUIOx2JJ0Vw6R5tIA0ML3VmiMEfJBc1wWcTFlQSUIrU','::ffff:192.168.8.95','0000-00-00 00:00:00','0000-00-00 00:00:00'),(192,1,'eyJhbGciOiJIUzI1NiIsInR5cCI6IkpXVCJ9.eyJfaWQiOjEsImVtYWlsIjoidHJlbmRhdGFAbWFpbGluYXRvci5jb20iLCJmaXJzdG5hbWUiOiJqb2huIiwibGFzdG5hbWUiOiJrYXVmIiwibGFuZ3VhZ2UiOjEsImV4cCI6MTQ4MjIyOTM5NSwiaWF0IjoxNDgxNjI0NTk1fQ.KBL1BStomrXoisY5zSuexMbuctVMX0Vy81L-lEWIH_A','::1','0000-00-00 00:00:00','0000-00-00 00:00:00'),(193,1,'eyJhbGciOiJIUzI1NiIsInR5cCI6IkpXVCJ9.eyJfaWQiOjEsImVtYWlsIjoidHJlbmRhdGFAbWFpbGluYXRvci5jb20iLCJmaXJzdG5hbWUiOiJqb2huIiwibGFzdG5hbWUiOiJrYXVmIiwibGFuZ3VhZ2UiOjEsImV4cCI6MTQ4MjIzNDA4NSwiaWF0IjoxNDgxNjI5Mjg1fQ.CYmJQxdbO3EAuOoQavX_PejDjfClFV_ardMbuuQgbNs','::ffff:192.168.8.95','0000-00-00 00:00:00','0000-00-00 00:00:00'),(194,1,'eyJhbGciOiJIUzI1NiIsInR5cCI6IkpXVCJ9.eyJfaWQiOjEsImVtYWlsIjoidHJlbmRhdGFAbWFpbGluYXRvci5jb20iLCJmaXJzdG5hbWUiOiJqb2huIiwibGFzdG5hbWUiOiJrYXVmIiwibGFuZ3VhZ2UiOjEsImV4cCI6MTQ4MjI0NTU3NSwiaWF0IjoxNDgxNjQwNzc1fQ.rGC2zKrg3O-9epUuLuvJ0EmgVWFzd43Tpic7wUWzgOI','::ffff:192.168.8.94','0000-00-00 00:00:00','0000-00-00 00:00:00'),(195,1,'eyJhbGciOiJIUzI1NiIsInR5cCI6IkpXVCJ9.eyJfaWQiOjEsImVtYWlsIjoidHJlbmRhdGFAbWFpbGluYXRvci5jb20iLCJmaXJzdG5hbWUiOiJqb2huIiwibGFzdG5hbWUiOiJrYXVmIiwibGFuZ3VhZ2UiOjEsImV4cCI6MTQ4MjI0NjUxOCwiaWF0IjoxNDgxNjQxNzE4fQ.JQtif_XGB7ZAnk_JugodORraof1sSc2m4vRgJ9lbNqI','::ffff:192.168.8.94','0000-00-00 00:00:00','0000-00-00 00:00:00'),(196,1,'eyJhbGciOiJIUzI1NiIsInR5cCI6IkpXVCJ9.eyJfaWQiOjEsImVtYWlsIjoidHJlbmRhdGFAbWFpbGluYXRvci5jb20iLCJmaXJzdG5hbWUiOiJqb2huIiwibGFzdG5hbWUiOiJrYXVmIiwibGFuZ3VhZ2UiOjEsImV4cCI6MTQ4MjI1MzY1NiwiaWF0IjoxNDgxNjQ4ODU2fQ.u5GcrvpisMvCHB6uQcibhLp4yESXKMOd_XCDi7oUiNI','::ffff:192.168.8.94','0000-00-00 00:00:00','0000-00-00 00:00:00'),(197,1,'eyJhbGciOiJIUzI1NiIsInR5cCI6IkpXVCJ9.eyJfaWQiOjEsImVtYWlsIjoidHJlbmRhdGFAbWFpbGluYXRvci5jb20iLCJmaXJzdG5hbWUiOiJqb2huIiwibGFzdG5hbWUiOiJrYXVmIiwibGFuZ3VhZ2UiOjEsImV4cCI6MTQ4MjI1NTQ5NCwiaWF0IjoxNDgxNjUwNjk0fQ.aThu2i36gyOxjWurDj6FF45M_SSz1AMVD2M7QQWkQ4o','::ffff:192.168.8.94','0000-00-00 00:00:00','0000-00-00 00:00:00'),(198,1,'eyJhbGciOiJIUzI1NiIsInR5cCI6IkpXVCJ9.eyJfaWQiOjEsImVtYWlsIjoidHJlbmRhdGFAbWFpbGluYXRvci5jb20iLCJmaXJzdG5hbWUiOiJqb2huIiwibGFzdG5hbWUiOiJrYXVmIiwibGFuZ3VhZ2UiOjEsImV4cCI6MTQ4MjMwMDg5NiwiaWF0IjoxNDgxNjk2MDk2fQ.DvpbpF3IwaNs_7u2Z_I-cPoTqcCNOQO4_yJW7wdCjCQ','::1','0000-00-00 00:00:00','0000-00-00 00:00:00'),(199,1,'eyJhbGciOiJIUzI1NiIsInR5cCI6IkpXVCJ9.eyJfaWQiOjEsImVtYWlsIjoidHJlbmRhdGFAbWFpbGluYXRvci5jb20iLCJmaXJzdG5hbWUiOiJqb2huIiwibGFzdG5hbWUiOiJrYXVmIiwibGFuZ3VhZ2UiOjEsImV4cCI6MTQ4MjMwMTU1NCwiaWF0IjoxNDgxNjk2NzU0fQ.WPtRAnG6a8BRAkkPCnSRAMSLHK8TKNxEHE8pCbXO5dg','::ffff:192.168.8.95','0000-00-00 00:00:00','0000-00-00 00:00:00'),(200,1,'eyJhbGciOiJIUzI1NiIsInR5cCI6IkpXVCJ9.eyJfaWQiOjEsImVtYWlsIjoidHJlbmRhdGFAbWFpbGluYXRvci5jb20iLCJmaXJzdG5hbWUiOiJqb2huIiwibGFzdG5hbWUiOiJrYXVmIiwibGFuZ3VhZ2UiOjEsImV4cCI6MTQ4MjMyNTY5NCwiaWF0IjoxNDgxNzIwODk0fQ.7N6RIM0DCeyeFqpi3_ATeVmcTZTggXiatvG5ij4ery4','::ffff:192.168.8.168','0000-00-00 00:00:00','0000-00-00 00:00:00'),(201,1,'eyJhbGciOiJIUzI1NiIsInR5cCI6IkpXVCJ9.eyJfaWQiOjEsImVtYWlsIjoidHJlbmRhdGFAbWFpbGluYXRvci5jb20iLCJmaXJzdG5hbWUiOiJqb2huIiwibGFzdG5hbWUiOiJrYXVmIiwibGFuZ3VhZ2UiOjEsImV4cCI6MTQ4MjM4ODg3NCwiaWF0IjoxNDgxNzg0MDc0fQ.ItrY_E4zpYqPZ9Udg8uJTYcXZgmbw7GJ58LcbRLfC9o','::ffff:192.168.8.168','0000-00-00 00:00:00','0000-00-00 00:00:00'),(202,1,'eyJhbGciOiJIUzI1NiIsInR5cCI6IkpXVCJ9.eyJfaWQiOjEsImVtYWlsIjoidHJlbmRhdGFAbWFpbGluYXRvci5jb20iLCJmaXJzdG5hbWUiOiJqb2huIiwibGFzdG5hbWUiOiJrYXVmIiwibGFuZ3VhZ2UiOjEsImV4cCI6MTQ4MjQwMDA5MiwiaWF0IjoxNDgxNzk1MjkyfQ.-UXpLniG8Gedvu0n57lKq1vqeEYbpAdyTU3bSPUIOgI','::ffff:192.168.8.168','0000-00-00 00:00:00','0000-00-00 00:00:00'),(203,1,'eyJhbGciOiJIUzI1NiIsInR5cCI6IkpXVCJ9.eyJfaWQiOjEsImVtYWlsIjoidHJlbmRhdGFAbWFpbGluYXRvci5jb20iLCJmaXJzdG5hbWUiOiJqb2huIiwibGFzdG5hbWUiOiJrYXVmIiwibGFuZ3VhZ2UiOjEsImV4cCI6MTQ4MjQwNjA2NywiaWF0IjoxNDgxODAxMjY3fQ.1wW7QVgKe8da0cXnUcfUbWrBGdx6gFML9_4JLFTUlVo','::1','0000-00-00 00:00:00','0000-00-00 00:00:00'),(204,1,'eyJhbGciOiJIUzI1NiIsInR5cCI6IkpXVCJ9.eyJfaWQiOjEsImVtYWlsIjoidHJlbmRhdGFAbWFpbGluYXRvci5jb20iLCJmaXJzdG5hbWUiOiJqb2huIiwibGFzdG5hbWUiOiJrYXVmIiwibGFuZ3VhZ2UiOjEsImV4cCI6MTQ4MjQwNjI1MywiaWF0IjoxNDgxODAxNDUzfQ.ncDbL4mKBf8lsKPdfWqPQUPDR4efV0TBWh8y593PybU','::1','0000-00-00 00:00:00','0000-00-00 00:00:00'),(205,1,'eyJhbGciOiJIUzI1NiIsInR5cCI6IkpXVCJ9.eyJfaWQiOjEsImVtYWlsIjoidHJlbmRhdGFAbWFpbGluYXRvci5jb20iLCJmaXJzdG5hbWUiOiJqb2huIiwibGFzdG5hbWUiOiJrYXVmIiwibGFuZ3VhZ2UiOjEsImV4cCI6MTQ4MjQwNjkwMCwiaWF0IjoxNDgxODAyMTAwfQ.hPQPR6zKG67bBhK8-1XJXxOY7tag-BOsQigDIdoshzA','::1','0000-00-00 00:00:00','0000-00-00 00:00:00'),(206,1,'eyJhbGciOiJIUzI1NiIsInR5cCI6IkpXVCJ9.eyJfaWQiOjEsImVtYWlsIjoidHJlbmRhdGFAbWFpbGluYXRvci5jb20iLCJmaXJzdG5hbWUiOiJqb2huIiwibGFzdG5hbWUiOiJrYXVmIiwibGFuZ3VhZ2UiOjEsImV4cCI6MTQ4MjQwNjkzMiwiaWF0IjoxNDgxODAyMTMyfQ.WawG1r4N7i3f6KMMZXQvykqUqLA2syVG70d0I_ket9s','::1','0000-00-00 00:00:00','0000-00-00 00:00:00'),(207,1,'eyJhbGciOiJIUzI1NiIsInR5cCI6IkpXVCJ9.eyJfaWQiOjEsImVtYWlsIjoidHJlbmRhdGFAbWFpbGluYXRvci5jb20iLCJmaXJzdG5hbWUiOiJqb2huIiwibGFzdG5hbWUiOiJrYXVmIiwibGFuZ3VhZ2UiOjEsImV4cCI6MTQ4MjQwODAwOSwiaWF0IjoxNDgxODAzMjA5fQ.3VZICnRzXu7PwBo8ARJkk3w_p5E8zKeCO70cd10ZYzA','::1','0000-00-00 00:00:00','0000-00-00 00:00:00'),(208,1,'eyJhbGciOiJIUzI1NiIsInR5cCI6IkpXVCJ9.eyJfaWQiOjEsImVtYWlsIjoidHJlbmRhdGFAbWFpbGluYXRvci5jb20iLCJmaXJzdG5hbWUiOiJqb2huIiwibGFzdG5hbWUiOiJrYXVmIiwibGFuZ3VhZ2UiOjEsImV4cCI6MTQ4MjUwNDMwOCwiaWF0IjoxNDgxODk5NTA4fQ._1gYf3sw2i-LwZxUdJISiuhO3-srfR-D9Rq_NkR_QVQ','','0000-00-00 00:00:00','0000-00-00 00:00:00'),(209,1,'eyJhbGciOiJIUzI1NiIsInR5cCI6IkpXVCJ9.eyJfaWQiOjEsImVtYWlsIjoidHJlbmRhdGFAbWFpbGluYXRvci5jb20iLCJmaXJzdG5hbWUiOiJqb2huIiwibGFzdG5hbWUiOiJrYXVmIiwibGFuZ3VhZ2UiOjEsImV4cCI6MTQ4MjUwODIwNiwiaWF0IjoxNDgxOTAzNDA2fQ.CJA2di4zlsTbLUUkrWSXMkQwNXHL2ff1CpbQTz5pQV0','','0000-00-00 00:00:00','0000-00-00 00:00:00'),(210,1,'eyJhbGciOiJIUzI1NiIsInR5cCI6IkpXVCJ9.eyJfaWQiOjEsImVtYWlsIjoidHJlbmRhdGFAbWFpbGluYXRvci5jb20iLCJmaXJzdG5hbWUiOiJqb2huIiwibGFzdG5hbWUiOiJrYXVmIiwibGFuZ3VhZ2UiOjEsImV4cCI6MTQ4MjUwODQzMSwiaWF0IjoxNDgxOTAzNjMxfQ.UATdMB9Q4cePGwLDyli4yVBgjyYIoiHxvkuVzi00_BM','','0000-00-00 00:00:00','0000-00-00 00:00:00'),(211,1,'eyJhbGciOiJIUzI1NiIsInR5cCI6IkpXVCJ9.eyJfaWQiOjEsImVtYWlsIjoidHJlbmRhdGFAbWFpbGluYXRvci5jb20iLCJmaXJzdG5hbWUiOiJqb2huIiwibGFzdG5hbWUiOiJrYXVmIiwibGFuZ3VhZ2UiOjEsImV4cCI6MTQ4Mjc0Njc4OSwiaWF0IjoxNDgyMTQxOTg5fQ.hKyPTZOc0xloUplpVmvblW0WszXqYBHtodUEBWcOKwg','','0000-00-00 00:00:00','0000-00-00 00:00:00'),(212,1,'eyJhbGciOiJIUzI1NiIsInR5cCI6IkpXVCJ9.eyJfaWQiOjEsImVtYWlsIjoidHJlbmRhdGFAbWFpbGluYXRvci5jb20iLCJmaXJzdG5hbWUiOiJqb2huIiwibGFzdG5hbWUiOiJrYXVmIiwibGFuZ3VhZ2UiOjEsImV4cCI6MTQ4MjgyNzMxOSwiaWF0IjoxNDgyMjIyNTE5fQ.mFKMlTmBrm2KvWyjDCu36z5IwT7W-zdMaIWmC4Y10OY','','0000-00-00 00:00:00','0000-00-00 00:00:00'),(213,1,'eyJhbGciOiJIUzI1NiIsInR5cCI6IkpXVCJ9.eyJfaWQiOjEsImVtYWlsIjoidHJlbmRhdGFAbWFpbGluYXRvci5jb20iLCJmaXJzdG5hbWUiOiJqb2huIiwibGFzdG5hbWUiOiJrYXVmIiwibGFuZ3VhZ2UiOjEsImV4cCI6MTQ4MzQyNjUwMSwiaWF0IjoxNDgyODIxNzAxfQ.oaR4zQ3JKhk2i62D1CJFxG_it7FKGwMmfHfzYfkoxbs','','0000-00-00 00:00:00','0000-00-00 00:00:00'),(214,1,'eyJhbGciOiJIUzI1NiIsInR5cCI6IkpXVCJ9.eyJfaWQiOjEsImVtYWlsIjoidHJlbmRhdGFAbWFpbGluYXRvci5jb20iLCJmaXJzdG5hbWUiOiJqb2huIiwibGFzdG5hbWUiOiJrYXVmIiwibGFuZ3VhZ2UiOjEsImV4cCI6MTQ4NDE0NDA2OSwiaWF0IjoxNDgzNTM5MjY5fQ.jajL0o398Fcs2phnAnC0_aE2EiBPOyJosXDV0tlDTYs','','0000-00-00 00:00:00','0000-00-00 00:00:00'),(215,1,'eyJhbGciOiJIUzI1NiIsInR5cCI6IkpXVCJ9.eyJfaWQiOjEsImVtYWlsIjoidHJlbmRhdGFAbWFpbGluYXRvci5jb20iLCJmaXJzdG5hbWUiOiJqb2huIiwibGFzdG5hbWUiOiJrYXVmIiwibGFuZ3VhZ2UiOjEsImV4cCI6MTQ4NDE0NjA0MSwiaWF0IjoxNDgzNTQxMjQxfQ.bQZWbqoTdiljAmyMZ8bikju8buZwI-V6ebXhBpYP21A','','0000-00-00 00:00:00','0000-00-00 00:00:00'),(216,1,'eyJhbGciOiJIUzI1NiIsInR5cCI6IkpXVCJ9.eyJfaWQiOjEsImVtYWlsIjoidHJlbmRhdGFAbWFpbGluYXRvci5jb20iLCJmaXJzdG5hbWUiOiJqb2huIiwibGFzdG5hbWUiOiJrYXVmIiwibGFuZ3VhZ2UiOjEsImV4cCI6MTQ4NDE1MDkxMiwiaWF0IjoxNDgzNTQ2MTEyfQ.OtKyM2WlxBYEccq9VmCxJcwZSsoRBG-v9jjqm1Y2vyI','','0000-00-00 00:00:00','0000-00-00 00:00:00'),(217,1,'eyJhbGciOiJIUzI1NiIsInR5cCI6IkpXVCJ9.eyJfaWQiOjEsImVtYWlsIjoidHJlbmRhdGFAbWFpbGluYXRvci5jb20iLCJmaXJzdG5hbWUiOiJqb2huIiwibGFzdG5hbWUiOiJrYXVmIiwibGFuZ3VhZ2UiOjEsImV4cCI6MTQ4NDIzMjkwMywiaWF0IjoxNDgzNjI4MTAzfQ.j_7Bemi2cGYTqc5e5mWLIGWpZbtIGg5CbG1ZzTfUDtk','','0000-00-00 00:00:00','0000-00-00 00:00:00'),(218,1,'eyJhbGciOiJIUzI1NiIsInR5cCI6IkpXVCJ9.eyJfaWQiOjEsImVtYWlsIjoidHJlbmRhdGFAbWFpbGluYXRvci5jb20iLCJmaXJzdG5hbWUiOiJqb2huIiwibGFzdG5hbWUiOiJrYXVmIiwibGFuZ3VhZ2UiOjEsImV4cCI6MTQ4NDIzMzM0NywiaWF0IjoxNDgzNjI4NTQ3fQ.dEMJpxgMt8tK7Lr5tVYVkDSYMBD_dDu9KMvfE-s0Pfw','','0000-00-00 00:00:00','0000-00-00 00:00:00'),(219,1,'eyJhbGciOiJIUzI1NiIsInR5cCI6IkpXVCJ9.eyJfaWQiOjEsImVtYWlsIjoidHJlbmRhdGFAbWFpbGluYXRvci5jb20iLCJmaXJzdG5hbWUiOiJqb2huIiwibGFzdG5hbWUiOiJrYXVmIiwibGFuZ3VhZ2UiOjEsImV4cCI6MTQ4NDIzNzk1MCwiaWF0IjoxNDgzNjMzMTUwfQ.RFxyMTSEb3AwMNjCKJs4XnVoxScz8vi6RbpKL951jA8','','0000-00-00 00:00:00','0000-00-00 00:00:00'),(220,1,'eyJhbGciOiJIUzI1NiIsInR5cCI6IkpXVCJ9.eyJfaWQiOjEsImVtYWlsIjoidHJlbmRhdGFAbWFpbGluYXRvci5jb20iLCJmaXJzdG5hbWUiOiJqb2huIiwibGFzdG5hbWUiOiJrYXVmIiwibGFuZ3VhZ2UiOjEsImV4cCI6MTQ4NDI0MTI3MiwiaWF0IjoxNDgzNjM2NDcyfQ.uwbqUJF1UW-S_VjZjFwOYvdwtxICJ0T1HGam3FRDCrw','','0000-00-00 00:00:00','0000-00-00 00:00:00'),(221,1,'eyJhbGciOiJIUzI1NiIsInR5cCI6IkpXVCJ9.eyJfaWQiOjEsImVtYWlsIjoidHJlbmRhdGFAbWFpbGluYXRvci5jb20iLCJmaXJzdG5hbWUiOiJqb2huIiwibGFzdG5hbWUiOiJrYXVmIiwibGFuZ3VhZ2UiOjEsImV4cCI6MTQ4NDI1MDAxMywiaWF0IjoxNDgzNjQ1MjEzfQ.3vm7ZkPHsmNBilo-r8eBT7UaP-0duc8uRnNHDYjHQR0','','0000-00-00 00:00:00','0000-00-00 00:00:00'),(222,1,'eyJhbGciOiJIUzI1NiIsInR5cCI6IkpXVCJ9.eyJfaWQiOjEsImVtYWlsIjoidHJlbmRhdGFAbWFpbGluYXRvci5jb20iLCJmaXJzdG5hbWUiOiJqb2huIiwibGFzdG5hbWUiOiJrYXVmIiwibGFuZ3VhZ2UiOjEsImV4cCI6MTQ4NDMxODI4NSwiaWF0IjoxNDgzNzEzNDg2fQ.WLvsKfkTf6sPNMY2l2RAbsoq4Mj8bRqFqCYq5-L4pDk','','0000-00-00 00:00:00','0000-00-00 00:00:00'),(223,1,'eyJhbGciOiJIUzI1NiIsInR5cCI6IkpXVCJ9.eyJfaWQiOjEsImVtYWlsIjoidHJlbmRhdGFAbWFpbGluYXRvci5jb20iLCJmaXJzdG5hbWUiOiJqb2huIiwibGFzdG5hbWUiOiJrYXVmIiwibGFuZ3VhZ2UiOjEsImV4cCI6MTQ4NDMxODY5MywiaWF0IjoxNDgzNzEzODkzfQ.TnYRY9YeL8KnM3VGZTsDkeJHvAdJIbdyD3-u0RPs4yI','','0000-00-00 00:00:00','0000-00-00 00:00:00'),(224,1,'eyJhbGciOiJIUzI1NiIsInR5cCI6IkpXVCJ9.eyJfaWQiOjEsImVtYWlsIjoidHJlbmRhdGFAbWFpbGluYXRvci5jb20iLCJmaXJzdG5hbWUiOiJqb2huIiwibGFzdG5hbWUiOiJrYXVmIiwibGFuZ3VhZ2UiOjEsImV4cCI6MTQ4NDMxODY5NCwiaWF0IjoxNDgzNzEzODk0fQ.IO-MpE1FuPysQ8_iBvGwp0jDMaf4mdBtoR6374_bPu8','','0000-00-00 00:00:00','0000-00-00 00:00:00'),(225,1,'eyJhbGciOiJIUzI1NiIsInR5cCI6IkpXVCJ9.eyJfaWQiOjEsImVtYWlsIjoidHJlbmRhdGFAbWFpbGluYXRvci5jb20iLCJmaXJzdG5hbWUiOiJqb2huIiwibGFzdG5hbWUiOiJrYXVmIiwibGFuZ3VhZ2UiOjEsImV4cCI6MTQ4NDM1MDE5MSwiaWF0IjoxNDgzNzQ1MzkxfQ.4ot5a_AtpDN57tpVL8W3NotFEJlqAXDAdnwEIcj7CvU','','0000-00-00 00:00:00','0000-00-00 00:00:00'),(226,1,'eyJhbGciOiJIUzI1NiIsInR5cCI6IkpXVCJ9.eyJfaWQiOjEsImVtYWlsIjoidHJlbmRhdGFAbWFpbGluYXRvci5jb20iLCJmaXJzdG5hbWUiOiJqb2huIiwibGFzdG5hbWUiOiJrYXVmIiwibGFuZ3VhZ2UiOjEsImV4cCI6MTQ4NDY0ODQzMSwiaWF0IjoxNDg0MDQzNjMxfQ.yEfkGLhTeY1mLuyNyh_2Egn8jTlCUAtYNyo8wTDj600','','0000-00-00 00:00:00','0000-00-00 00:00:00'),(227,1,'eyJhbGciOiJIUzI1NiIsInR5cCI6IkpXVCJ9.eyJfaWQiOjEsImVtYWlsIjoidHJlbmRhdGFAbWFpbGluYXRvci5jb20iLCJmaXJzdG5hbWUiOiJqb2huIiwibGFzdG5hbWUiOiJrYXVmIiwibGFuZ3VhZ2UiOjEsImV4cCI6MTQ4NDY0ODU0MSwiaWF0IjoxNDg0MDQzNzQxfQ.MqF4zu-L49Quyij_IZ0w9g0sZSU1LNzjW_MwgarHMvQ','','0000-00-00 00:00:00','0000-00-00 00:00:00'),(228,1,'eyJhbGciOiJIUzI1NiIsInR5cCI6IkpXVCJ9.eyJfaWQiOjEsImVtYWlsIjoidHJlbmRhdGFAbWFpbGluYXRvci5jb20iLCJmaXJzdG5hbWUiOiJqb2huIiwibGFzdG5hbWUiOiJrYXVmIiwibGFuZ3VhZ2UiOjEsImV4cCI6MTQ4NDY1MDAxNiwiaWF0IjoxNDg0MDQ1MjE2fQ.XlmuMAaT003KPbxUyve7tITB9CpSquKor1h_pIBYZio','','0000-00-00 00:00:00','0000-00-00 00:00:00'),(229,1,'eyJhbGciOiJIUzI1NiIsInR5cCI6IkpXVCJ9.eyJfaWQiOjEsImVtYWlsIjoidHJlbmRhdGFAbWFpbGluYXRvci5jb20iLCJmaXJzdG5hbWUiOiJqb2huIiwibGFzdG5hbWUiOiJrYXVmIiwibGFuZ3VhZ2UiOjEsImV4cCI6MTQ4NDc0MTQwMSwiaWF0IjoxNDg0MTM2NjAxfQ.gfrj1qinYsUCS6CAWfUvPgWQjnXYcEEpHnrzL76awgE','','0000-00-00 00:00:00','0000-00-00 00:00:00'),(230,1,'eyJhbGciOiJIUzI1NiIsInR5cCI6IkpXVCJ9.eyJfaWQiOjEsImVtYWlsIjoidHJlbmRhdGFAbWFpbGluYXRvci5jb20iLCJmaXJzdG5hbWUiOiJqb2huIiwibGFzdG5hbWUiOiJrYXVmIiwibGFuZ3VhZ2UiOjEsImV4cCI6MTQ4NDc0NTQ4NywiaWF0IjoxNDg0MTQwNjg3fQ.rGkmkYLclOdWjPIMpjDH8tYiY8jMD4FmcViepRWtHBc','','0000-00-00 00:00:00','0000-00-00 00:00:00'),(231,1,'eyJhbGciOiJIUzI1NiIsInR5cCI6IkpXVCJ9.eyJfaWQiOjEsImVtYWlsIjoidHJlbmRhdGFAbWFpbGluYXRvci5jb20iLCJmaXJzdG5hbWUiOiJqb2huIiwibGFzdG5hbWUiOiJrYXVmIiwibGFuZ3VhZ2UiOjEsImV4cCI6MTQ4NDc3NTk5NywiaWF0IjoxNDg0MTcxMTk3fQ.3ouhmPJxVenGoOVA8zLGFFl6ulfZgNCSg5FcQ2YY69c','','0000-00-00 00:00:00','0000-00-00 00:00:00'),(232,1,'eyJhbGciOiJIUzI1NiIsInR5cCI6IkpXVCJ9.eyJfaWQiOjEsImVtYWlsIjoidHJlbmRhdGFAbWFpbGluYXRvci5jb20iLCJmaXJzdG5hbWUiOiJqb2huIiwibGFzdG5hbWUiOiJrYXVmIiwibGFuZ3VhZ2UiOjEsImV4cCI6MTQ4NDgxNzIyNSwiaWF0IjoxNDg0MjEyNDI1fQ.6QAVsu5B8ODsAG_RcP7DP12yVIcN0IQybN77z0hV8D0','','0000-00-00 00:00:00','0000-00-00 00:00:00');
/*!40000 ALTER TABLE `trendata_login_details` ENABLE KEYS */;
UNLOCK TABLES;

--
-- Table structure for table `trendata_menu`
--

DROP TABLE IF EXISTS `trendata_menu`;
/*!40101 SET @saved_cs_client     = @@character_set_client */;
/*!40101 SET character_set_client = utf8 */;
CREATE TABLE `trendata_menu` (
  `trendata_menu_id` int(10) unsigned NOT NULL AUTO_INCREMENT,
  `trendata_menu_pid` int(10) unsigned NOT NULL,
  `trendata_menu_created_by` int(10) unsigned NOT NULL,
  `trendata_menu_last_modified_by` int(10) unsigned NOT NULL,
  `trendata_menu_created_on` datetime NOT NULL,
  `trendata_menu_last_modified_on` datetime NOT NULL,
  `trendata_menu_title_token` varchar(36) NOT NULL,
  `trendata_menu_description_token` varchar(36) NOT NULL,
  `trendata_menu_redirect_path` varchar(1000) NOT NULL,
  PRIMARY KEY (`trendata_menu_id`)
) ENGINE=InnoDB DEFAULT CHARSET=latin1;
/*!40101 SET character_set_client = @saved_cs_client */;

--
-- Dumping data for table `trendata_menu`
--

LOCK TABLES `trendata_menu` WRITE;
/*!40000 ALTER TABLE `trendata_menu` DISABLE KEYS */;
/*!40000 ALTER TABLE `trendata_menu` ENABLE KEYS */;
UNLOCK TABLES;

--
-- Table structure for table `trendata_menu_permission`
--

DROP TABLE IF EXISTS `trendata_menu_permission`;
/*!40101 SET @saved_cs_client     = @@character_set_client */;
/*!40101 SET character_set_client = utf8 */;
CREATE TABLE `trendata_menu_permission` (
  `trendata_menu_permission_id` int(10) unsigned NOT NULL,
  `trendata_menu_permission_created_by` int(11) NOT NULL,
  `trendata_menu_permission_last_modified_by` int(11) NOT NULL,
  `trendata_menu_permission_created_on` datetime NOT NULL,
  `trendata_menu_permission_last_modified_on` datetime NOT NULL,
  `trendata_role_id` int(10) unsigned NOT NULL,
  `trendata_menu_id` int(10) unsigned NOT NULL,
  `trendata_permission_id` int(11) NOT NULL
) ENGINE=InnoDB DEFAULT CHARSET=latin1;
/*!40101 SET character_set_client = @saved_cs_client */;

--
-- Dumping data for table `trendata_menu_permission`
--

LOCK TABLES `trendata_menu_permission` WRITE;
/*!40000 ALTER TABLE `trendata_menu_permission` DISABLE KEYS */;
/*!40000 ALTER TABLE `trendata_menu_permission` ENABLE KEYS */;
UNLOCK TABLES;

--
-- Table structure for table `trendata_metric`
--

DROP TABLE IF EXISTS `trendata_metric`;
/*!40101 SET @saved_cs_client     = @@character_set_client */;
/*!40101 SET character_set_client = utf8 */;
CREATE TABLE `trendata_metric` (
  `trendata_metric_id` int(10) unsigned NOT NULL AUTO_INCREMENT,
  `trendata_metric_created_on` datetime NOT NULL,
  `trendata_metric_last_modified_on` datetime NOT NULL,
  `trendata_metric_created_by` int(10) unsigned NOT NULL,
  `trendata_metric_last_modified_by` int(10) unsigned NOT NULL,
  `trendata_metric_title_token` varchar(36) NOT NULL,
  `trendata_metric_description_token` varchar(36) NOT NULL,
  `trendata_metric_status` enum('0','1','2') NOT NULL DEFAULT '1',
  `trendata_metric_icon` varchar(100) NOT NULL,
  PRIMARY KEY (`trendata_metric_id`)
) ENGINE=InnoDB AUTO_INCREMENT=13 DEFAULT CHARSET=latin1;
/*!40101 SET character_set_client = @saved_cs_client */;

--
-- Dumping data for table `trendata_metric`
--

LOCK TABLES `trendata_metric` WRITE;
/*!40000 ALTER TABLE `trendata_metric` DISABLE KEYS */;
INSERT INTO `trendata_metric` VALUES (1,'0000-00-00 00:00:00','0000-00-00 00:00:00',0,0,'59271b3ab2df41e3bb885eb5ec9e174b','c1b6ce2dd2cb4fd1b4b34838bd2e328c','1','fa fa-usd'),(2,'0000-00-00 00:00:00','0000-00-00 00:00:00',0,0,'599610e09cf84f7da452f8afaefaeab3','4822b7576f1f47e6b9502af8663baa20','1','fa fa-rocket'),(3,'0000-00-00 00:00:00','0000-00-00 00:00:00',0,0,'c93c95bf14f44c5aa3685dabedd9f460','a49c256e98e245b3a645199a237916f4','1','fa fa-question'),(4,'0000-00-00 00:00:00','0000-00-00 00:00:00',0,0,'3d346ad2f051496aac8cd606f115b92d','c90d9811673246af81a80811a09fd234','1','fa fa-binoculars'),(5,'0000-00-00 00:00:00','0000-00-00 00:00:00',0,0,'7327f74bbbdf415086f4c862b2eb19ac','7fab0c9e9c8044348395e8c58a0170a8','1','fa fa-line-chart'),(6,'0000-00-00 00:00:00','0000-00-00 00:00:00',0,0,'df548600dc7e41a7be8fe0c31b498b83','5faee1a557184db58b0a6a325d98a86c','1','fa fa-tachometer'),(7,'0000-00-00 00:00:00','0000-00-00 00:00:00',0,0,'0b7d216ab7784640b91d66837b741ad0','f16ce19bbf174065a42ca2a5a2fba498','1','fa fa-money'),(8,'0000-00-00 00:00:00','0000-00-00 00:00:00',0,0,'d3b1562d119a4acf876e61c50b6be4eb','eada056534574da5b9a128e6aa0e9580','1','fa fa-key'),(9,'0000-00-00 00:00:00','0000-00-00 00:00:00',0,0,'94b4b2e146574607a25e0ffe30cf3a8c','00f769accd24437b876c90913ef78cd8','1','fa fa-arrows-h'),(10,'0000-00-00 00:00:00','0000-00-00 00:00:00',0,0,'961608e4cb7d4b4584a6d5f5188218a9','857c3b208b1a4dc781bc8fd51ab76a47','1','fa fa-bullhorn'),(11,'0000-00-00 00:00:00','0000-00-00 00:00:00',0,0,'e93aed9c68824740b582e5e8f1e2f74f','a0549138e3f2458ba41dec79814353a0','1','fa fa-thumbs-o-up'),(12,'0000-00-00 00:00:00','0000-00-00 00:00:00',0,0,'324471e6853f4d049bfbf82308cf66da','c0ac6d1176a0443e9d365d369ef0d4bc','1','fa fa-street-view');
/*!40000 ALTER TABLE `trendata_metric` ENABLE KEYS */;
UNLOCK TABLES;

--
-- Table structure for table `trendata_metric_chart`
--

DROP TABLE IF EXISTS `trendata_metric_chart`;
/*!40101 SET @saved_cs_client     = @@character_set_client */;
/*!40101 SET character_set_client = utf8 */;
CREATE TABLE `trendata_metric_chart` (
  `trendata_metric_chart_id` int(10) unsigned NOT NULL AUTO_INCREMENT,
  `trendata_metric_chart_created_by` int(10) unsigned NOT NULL,
  `trendata_metric_chart_last_modified_by` int(10) unsigned NOT NULL,
  `trendata_metric_chart_created_on` datetime NOT NULL,
  `trendata_metric_chart_last_modified_on` datetime NOT NULL,
  `trendata_metric_id` int(10) unsigned NOT NULL,
  `trendata_chart_id` int(10) unsigned NOT NULL,
  `trendata_metric_chart_order` int(10) unsigned NOT NULL,
  PRIMARY KEY (`trendata_metric_chart_id`),
  KEY `trendata_metric_id` (`trendata_metric_id`),
  KEY `trendata_chart_id` (`trendata_chart_id`),
  CONSTRAINT `trendata_metric_chart_ibfk_1` FOREIGN KEY (`trendata_metric_id`) REFERENCES `trendata_metric` (`trendata_metric_id`) ON DELETE NO ACTION ON UPDATE NO ACTION,
  CONSTRAINT `trendata_metric_chart_ibfk_2` FOREIGN KEY (`trendata_chart_id`) REFERENCES `trendata_chart` (`trendata_chart_id`) ON DELETE NO ACTION ON UPDATE NO ACTION
) ENGINE=InnoDB AUTO_INCREMENT=70 DEFAULT CHARSET=utf8 COLLATE=utf8_unicode_ci;
/*!40101 SET character_set_client = @saved_cs_client */;

--
-- Dumping data for table `trendata_metric_chart`
--

LOCK TABLES `trendata_metric_chart` WRITE;
/*!40000 ALTER TABLE `trendata_metric_chart` DISABLE KEYS */;
INSERT INTO `trendata_metric_chart` VALUES (2,0,0,'0000-00-00 00:00:00','0000-00-00 00:00:00',5,1,0),(3,0,0,'0000-00-00 00:00:00','0000-00-00 00:00:00',5,2,0),(4,0,0,'0000-00-00 00:00:00','0000-00-00 00:00:00',5,3,0),(5,0,0,'0000-00-00 00:00:00','0000-00-00 00:00:00',5,4,0),(6,0,0,'0000-00-00 00:00:00','0000-00-00 00:00:00',6,5,0),(7,0,0,'0000-00-00 00:00:00','0000-00-00 00:00:00',6,6,0),(8,0,0,'0000-00-00 00:00:00','0000-00-00 00:00:00',6,7,0),(9,0,0,'0000-00-00 00:00:00','0000-00-00 00:00:00',6,8,0),(10,0,0,'0000-00-00 00:00:00','0000-00-00 00:00:00',6,9,0),(11,0,0,'0000-00-00 00:00:00','0000-00-00 00:00:00',9,10,0),(12,0,0,'0000-00-00 00:00:00','0000-00-00 00:00:00',9,11,0),(13,0,0,'0000-00-00 00:00:00','0000-00-00 00:00:00',9,12,0),(14,0,0,'0000-00-00 00:00:00','0000-00-00 00:00:00',9,13,0),(15,0,0,'0000-00-00 00:00:00','0000-00-00 00:00:00',9,14,0),(16,0,0,'0000-00-00 00:00:00','0000-00-00 00:00:00',9,15,0),(17,0,0,'0000-00-00 00:00:00','0000-00-00 00:00:00',9,16,0),(18,0,0,'0000-00-00 00:00:00','0000-00-00 00:00:00',9,17,0),(19,0,0,'0000-00-00 00:00:00','0000-00-00 00:00:00',9,18,0),(20,0,0,'0000-00-00 00:00:00','0000-00-00 00:00:00',9,19,0),(21,0,0,'0000-00-00 00:00:00','0000-00-00 00:00:00',9,20,0),(22,0,0,'0000-00-00 00:00:00','0000-00-00 00:00:00',9,21,0),(23,0,0,'0000-00-00 00:00:00','0000-00-00 00:00:00',9,22,0),(24,0,0,'0000-00-00 00:00:00','0000-00-00 00:00:00',9,23,0),(25,0,0,'0000-00-00 00:00:00','0000-00-00 00:00:00',9,24,0),(26,0,0,'0000-00-00 00:00:00','0000-00-00 00:00:00',9,25,0),(27,0,0,'0000-00-00 00:00:00','0000-00-00 00:00:00',9,26,0),(28,0,0,'0000-00-00 00:00:00','0000-00-00 00:00:00',9,27,0),(29,0,0,'0000-00-00 00:00:00','0000-00-00 00:00:00',11,28,0),(30,0,0,'0000-00-00 00:00:00','0000-00-00 00:00:00',11,29,0),(31,0,0,'0000-00-00 00:00:00','0000-00-00 00:00:00',11,30,0),(32,0,0,'0000-00-00 00:00:00','0000-00-00 00:00:00',11,31,0),(33,0,0,'0000-00-00 00:00:00','0000-00-00 00:00:00',11,32,0),(34,0,0,'0000-00-00 00:00:00','0000-00-00 00:00:00',11,33,0),(35,0,0,'0000-00-00 00:00:00','0000-00-00 00:00:00',11,34,0),(36,0,0,'0000-00-00 00:00:00','0000-00-00 00:00:00',11,35,0),(37,0,0,'0000-00-00 00:00:00','0000-00-00 00:00:00',11,36,0),(38,0,0,'0000-00-00 00:00:00','0000-00-00 00:00:00',12,37,0),(39,0,0,'0000-00-00 00:00:00','0000-00-00 00:00:00',12,38,0),(40,0,0,'0000-00-00 00:00:00','0000-00-00 00:00:00',12,39,0),(41,0,0,'0000-00-00 00:00:00','0000-00-00 00:00:00',2,40,0),(42,0,0,'0000-00-00 00:00:00','0000-00-00 00:00:00',2,41,0),(43,0,0,'0000-00-00 00:00:00','0000-00-00 00:00:00',2,42,0),(44,0,0,'0000-00-00 00:00:00','0000-00-00 00:00:00',2,43,0),(45,0,0,'0000-00-00 00:00:00','0000-00-00 00:00:00',2,44,0),(46,0,0,'0000-00-00 00:00:00','0000-00-00 00:00:00',2,45,0),(47,0,0,'0000-00-00 00:00:00','0000-00-00 00:00:00',2,46,0),(48,0,0,'0000-00-00 00:00:00','0000-00-00 00:00:00',2,47,0),(49,0,0,'0000-00-00 00:00:00','0000-00-00 00:00:00',2,48,0),(50,0,0,'0000-00-00 00:00:00','0000-00-00 00:00:00',2,49,0),(51,0,0,'0000-00-00 00:00:00','0000-00-00 00:00:00',1,50,0),(52,0,0,'0000-00-00 00:00:00','0000-00-00 00:00:00',1,51,0),(53,0,0,'0000-00-00 00:00:00','0000-00-00 00:00:00',1,52,0),(54,0,0,'0000-00-00 00:00:00','0000-00-00 00:00:00',1,53,0),(55,0,0,'0000-00-00 00:00:00','0000-00-00 00:00:00',8,54,0),(56,0,0,'0000-00-00 00:00:00','0000-00-00 00:00:00',4,55,0),(57,0,0,'0000-00-00 00:00:00','0000-00-00 00:00:00',4,56,0),(58,0,0,'0000-00-00 00:00:00','0000-00-00 00:00:00',3,1,0),(59,0,0,'0000-00-00 00:00:00','0000-00-00 00:00:00',3,2,0),(60,0,0,'0000-00-00 00:00:00','0000-00-00 00:00:00',10,17,0),(61,0,0,'0000-00-00 00:00:00','0000-00-00 00:00:00',10,12,0),(62,0,0,'0000-00-00 00:00:00','0000-00-00 00:00:00',3,3,0),(63,0,0,'0000-00-00 00:00:00','0000-00-00 00:00:00',7,4,0),(64,0,0,'0000-00-00 00:00:00','0000-00-00 00:00:00',7,6,0),(65,0,0,'0000-00-00 00:00:00','0000-00-00 00:00:00',7,5,0),(66,0,0,'0000-00-00 00:00:00','0000-00-00 00:00:00',10,9,0),(67,0,0,'0000-00-00 00:00:00','0000-00-00 00:00:00',10,10,0),(68,0,0,'0000-00-00 00:00:00','0000-00-00 00:00:00',1,58,0),(69,0,0,'0000-00-00 00:00:00','0000-00-00 00:00:00',1,59,0);
/*!40000 ALTER TABLE `trendata_metric_chart` ENABLE KEYS */;
UNLOCK TABLES;

--
-- Table structure for table `trendata_permission`
--

DROP TABLE IF EXISTS `trendata_permission`;
/*!40101 SET @saved_cs_client     = @@character_set_client */;
/*!40101 SET character_set_client = utf8 */;
CREATE TABLE `trendata_permission` (
  `trendata_permission_id` int(11) NOT NULL AUTO_INCREMENT,
  `trendata_permission_created_by` int(10) unsigned NOT NULL,
  `trendata_permission_last_modified_by` int(10) unsigned NOT NULL,
  `trendata_permission_created_on` datetime NOT NULL,
  `trendata_permission_last_modified_on` datetime NOT NULL,
  `trendata_permission_title` int(11) NOT NULL,
  `trendata_permission_description` int(11) NOT NULL,
  PRIMARY KEY (`trendata_permission_id`)
) ENGINE=InnoDB DEFAULT CHARSET=latin1;
/*!40101 SET character_set_client = @saved_cs_client */;

--
-- Dumping data for table `trendata_permission`
--

LOCK TABLES `trendata_permission` WRITE;
/*!40000 ALTER TABLE `trendata_permission` DISABLE KEYS */;
/*!40000 ALTER TABLE `trendata_permission` ENABLE KEYS */;
UNLOCK TABLES;

--
-- Table structure for table `trendata_role`
--

DROP TABLE IF EXISTS `trendata_role`;
/*!40101 SET @saved_cs_client     = @@character_set_client */;
/*!40101 SET character_set_client = utf8 */;
CREATE TABLE `trendata_role` (
  `trendata_role_id` int(10) unsigned NOT NULL AUTO_INCREMENT,
  `trendata_role_created_on` datetime NOT NULL,
  `trendata_role_last_modified_on` datetime NOT NULL,
  `trendata_role_created_by` int(11) NOT NULL,
  `trendata_role_last_modified_by` int(11) NOT NULL,
  `trendata_role_name` varchar(100) NOT NULL,
  `trendata_role_status` enum('0','1','2') NOT NULL,
  PRIMARY KEY (`trendata_role_id`)
) ENGINE=InnoDB DEFAULT CHARSET=latin1;
/*!40101 SET character_set_client = @saved_cs_client */;

--
-- Dumping data for table `trendata_role`
--

LOCK TABLES `trendata_role` WRITE;
/*!40000 ALTER TABLE `trendata_role` DISABLE KEYS */;
/*!40000 ALTER TABLE `trendata_role` ENABLE KEYS */;
UNLOCK TABLES;

--
-- Table structure for table `trendata_role_metric`
--

DROP TABLE IF EXISTS `trendata_role_metric`;
/*!40101 SET @saved_cs_client     = @@character_set_client */;
/*!40101 SET character_set_client = utf8 */;
CREATE TABLE `trendata_role_metric` (
  `trendata_role_metric_created_by` int(10) unsigned NOT NULL,
  `trendata_role_metric_last_modified_by` int(10) unsigned NOT NULL,
  `trendata_role_metric_created_on` datetime NOT NULL,
  `trendata_role_metric_last_modified_on` datetime NOT NULL,
  `trendata_role_id` int(10) unsigned NOT NULL,
  `trendata_metric_id` int(10) unsigned NOT NULL,
  `trendata_role_metric_id` int(10) unsigned NOT NULL AUTO_INCREMENT,
  PRIMARY KEY (`trendata_role_metric_id`),
  KEY `trendata_role_id` (`trendata_role_id`),
  KEY `trendata_metric_id` (`trendata_metric_id`),
  CONSTRAINT `trendata_role_metric_ibfk_1` FOREIGN KEY (`trendata_role_id`) REFERENCES `trendata_role` (`trendata_role_id`),
  CONSTRAINT `trendata_role_metric_ibfk_2` FOREIGN KEY (`trendata_metric_id`) REFERENCES `trendata_metric` (`trendata_metric_id`)
) ENGINE=InnoDB DEFAULT CHARSET=latin1;
/*!40101 SET character_set_client = @saved_cs_client */;

--
-- Dumping data for table `trendata_role_metric`
--

LOCK TABLES `trendata_role_metric` WRITE;
/*!40000 ALTER TABLE `trendata_role_metric` DISABLE KEYS */;
/*!40000 ALTER TABLE `trendata_role_metric` ENABLE KEYS */;
UNLOCK TABLES;

--
-- Table structure for table `trendata_tag`
--

DROP TABLE IF EXISTS `trendata_tag`;
/*!40101 SET @saved_cs_client     = @@character_set_client */;
/*!40101 SET character_set_client = utf8 */;
CREATE TABLE `trendata_tag` (
  `trendata_tag_id` int(10) unsigned NOT NULL AUTO_INCREMENT,
  `trendata_tag_title` varchar(255) NOT NULL,
  `trendata_tag_description` text NOT NULL,
  `trendata_tag_status` enum('0','1','2') NOT NULL DEFAULT '1' COMMENT '0: Inavtive; 1 : Active; 2 : Deleted',
  PRIMARY KEY (`trendata_tag_id`)
) ENGINE=InnoDB AUTO_INCREMENT=48 DEFAULT CHARSET=latin1;
/*!40101 SET character_set_client = @saved_cs_client */;

--
-- Dumping data for table `trendata_tag`
--

LOCK TABLES `trendata_tag` WRITE;
/*!40000 ALTER TABLE `trendata_tag` DISABLE KEYS */;
INSERT INTO `trendata_tag` VALUES (1,'headcount','','1'),(2,'location','','1'),(3,'departments','','1'),(4,'designations','','1'),(5,'talent','','1'),(6,'productivity','','1'),(7,'manager','','1'),(8,'profit','','1'),(9,'employee','','1'),(10,'turnover','','1'),(11,'attrition','','1'),(12,'tenure','','1'),(13,'opportunity','','1'),(14,'salary','','1'),(16,'holiday','','1'),(17,'sickness','','1'),(18,'expenses','','1'),(19,'absence','','1'),(20,'compa','','1'),(21,'equivalents','','1'),(22,'health_care','','1'),(23,'interview_','','1'),(24,'satisfaction','','1'),(25,'gender','','1'),(26,'equality','','1'),(27,'job','','1'),(28,'empowerment','','1'),(29,'deviation','','1'),(30,'work_life','','1'),(31,'presence','','1'),(32,'global','','1'),(33,'worker','','1'),(34,'compensation','','1'),(35,'severity','','1'),(36,'training','','1'),(37,'recruiting','','1'),(38,'quality','','1'),(39,'boarding','','1'),(40,'nationality','','1'),(41,'hr','','1'),(42,'roi','','1'),(43,'source','','1'),(44,'Cost','','1'),(45,'revenue','','1'),(46,'joining','','1'),(47,'registration','','1');
/*!40000 ALTER TABLE `trendata_tag` ENABLE KEYS */;
UNLOCK TABLES;

--
-- Table structure for table `trendata_chart`
--

DROP TABLE IF EXISTS `trendata_chart`;
/*!40101 SET @saved_cs_client     = @@character_set_client */;
/*!40101 SET character_set_client = utf8 */;
CREATE TABLE `trendata_chart` (
  `trendata_chart_id` int(10) unsigned NOT NULL AUTO_INCREMENT,
  `trendata_chart_key` varchar(100) NOT NULL,
  `trendata_chart_created_by` int(10) unsigned NOT NULL,
  `trendata_chart_last_modified_by` int(10) unsigned NOT NULL,
  `trendata_chart_created_on` datetime NOT NULL,
  `trendata_chart_last_modified_on` datetime NOT NULL,
  `trendata_chart_title_token` varchar(36) NOT NULL,
  `trendata_chart_description_token` varchar(36) NOT NULL,
  `trendata_chart_default_chart_type` int(10) unsigned NOT NULL DEFAULT '4',
  `trendata_chart_status` enum('0','1','2') NOT NULL DEFAULT '1',
  `trendata_chart_position_x` int(10) unsigned NOT NULL DEFAULT '0',
  `trendata_chart_position_y` int(10) unsigned NOT NULL DEFAULT '0',
  `trendata_chart_width` int(10) unsigned NOT NULL DEFAULT '3',
  `trendata_chart_height` int(10) unsigned NOT NULL DEFAULT '4',
  `trendata_chart_type` enum('1','2','3') NOT NULL DEFAULT '1' COMMENT '1: Chart Type, 2: value box, 3:  Table',
  PRIMARY KEY (`trendata_chart_id`)
) ENGINE=InnoDB AUTO_INCREMENT=61 DEFAULT CHARSET=latin1;
/*!40101 SET character_set_client = @saved_cs_client */;

--
-- Dumping data for table `trendata_chart`
--

LOCK TABLES `trendata_chart` WRITE;
/*!40000 ALTER TABLE `trendata_chart` DISABLE KEYS */;
INSERT INTO `trendata_chart` VALUES (1,'headcount_vs_location',0,0,'0000-00-00 00:00:00','0000-00-00 00:00:00','db546fdc-b7f4-458f-b19c-6aa8af1ac0de','086a2280-1e87-40e5-9e60-6de3c4cbcec7',6,'1',0,0,3,4,'1'),(2,'headcount_vs_departments',0,0,'0000-00-00 00:00:00','0000-00-00 00:00:00','717ad7ed-b8eb-46e2-a6fd-cfb288d71408','8eb827e5-5c09-4071-b4d8-77f85c6d7871',6,'1',0,0,3,4,'1'),(3,'headcount_vs_designations',0,0,'0000-00-00 00:00:00','0000-00-00 00:00:00','fc166853-115d-4a95-a0aa-6e9a9603064f','07663e4a-cf66-4d1e-9d79-bb04d6bb8dcb',4,'1',0,0,3,4,'1'),(4,'headcount_vs_Time',0,0,'0000-00-00 00:00:00','0000-00-00 00:00:00','c9b1629d-e78e-4362-8100-4e97346e279c','145d1c36-b8c8-4a69-b64f-06e32530aeea',6,'1',0,0,3,4,'1'),(5,'talent_vs_potential',0,0,'0000-00-00 00:00:00','0000-00-00 00:00:00','1dccc3ab-2bcd-4cae-b88f-cdfd1c0508fc','69a69115-3ce3-4d0d-9493-a4d8c2143c64',6,'1',0,0,3,4,'1'),(6,'performance_rating',0,0,'0000-00-00 00:00:00','0000-00-00 00:00:00','e5aacd6c-e3dc-4dc3-9e4c-18d4833d6a41','3ba782d6-8b1d-4913-a4a4-0fe59421f862',2,'1',0,0,3,4,'1'),(7,'manager_performance',0,0,'0000-00-00 00:00:00','0000-00-00 00:00:00','16395b33-b1c7-413a-9d60-16b59119c0e7','8f3c7058-fd70-4cdf-84a8-622eba2450f5',2,'1',0,0,3,4,'1'),(8,'above_average_performer_yield_ratio',0,0,'0000-00-00 00:00:00','0000-00-00 00:00:00','94063e63-fc20-4869-9f48-f5f3c4290cce','5f827ade-bd06-4cc2-90ae-8cd6648ce733',2,'1',0,0,3,4,'1'),(9,'profit_per_employee',0,0,'0000-00-00 00:00:00','0000-00-00 00:00:00','1189b79e-856b-4e77-bd1c-f63144ba1bc0','4a5a8d74-cacb-40fb-8d4f-8d3a7a87d8ac',6,'1',0,0,3,4,'1'),(10,'employee_turnover_overall',0,0,'0000-00-00 00:00:00','0000-00-00 00:00:00','ca4a84d1-33d8-4cee-afbc-a44e02b53c63','d5414e1b-82f5-49a1-b3a5-97b9a1df7633',6,'1',0,0,3,4,'1'),(11,'employee_turnover_by_department',0,0,'0000-00-00 00:00:00','0000-00-00 00:00:00','e7f16e32-4bf2-4e40-8f3e-fc97bd126068','90c13d2e-92b8-447f-a698-672112a95b41',6,'1',0,0,3,4,'1'),(12,'employee_turnover_by_manager',0,0,'0000-00-00 00:00:00','0000-00-00 00:00:00','f08b35e2-27f8-451b-966d-79d42f304fe9','60f7bbdc-7ebf-4dcd-a087-dbf7d4140b1a',6,'1',0,0,3,4,'1'),(13,'attrition_rate_vs_reasons',0,0,'0000-00-00 00:00:00','0000-00-00 00:00:00','2c511354-a824-4012-a022-fccef152af77','996d58af-0ddb-4035-9081-189375e6bcbf',2,'1',0,0,3,4,'1'),(14,'average_tenure_vs_department',0,0,'0000-00-00 00:00:00','0000-00-00 00:00:00','6aa9bda3-e8ef-4975-9040-b79630c2d18b','9d5ea324-5fe5-40d6-8280-8325693d8897',6,'1',0,0,3,4,'1'),(15,'average_tenure',0,0,'0000-00-00 00:00:00','0000-00-00 00:00:00','9d682fb3-dd78-466d-8a11-7508d46805b8','8183f572-c1da-4b8a-ac3f-82ff4e5afc45',6,'1',0,0,3,4,'1'),(16,'equal_opportunities',0,0,'0000-00-00 00:00:00','0000-00-00 00:00:00','87440058-bb5f-4fb6-ae71-0a7c114875bb','a6067e33-8b30-4ef3-b8d3-bbda404f80a1',2,'1',0,0,3,4,'1'),(17,'salary_deviation',0,0,'0000-00-00 00:00:00','0000-00-00 00:00:00','5bde7342-bfc9-45a3-b4d8-4e4e3156b7d7','0a3c5546-7e7b-4ec9-b98c-0444bdf1b13b',6,'1',0,0,3,4,'1'),(18,'profit_per_employee',0,0,'0000-00-00 00:00:00','0000-00-00 00:00:00','a4eb79d9-9406-44d6-9eb1-7df0cd797e0c','9d3b3751-2783-471a-9082-33671bb1c618',6,'1',0,0,3,4,'1'),(19,'holiday_by_departments',0,0,'0000-00-00 00:00:00','0000-00-00 00:00:00','dd8a6840-d022-4f15-b7aa-5b34c50fc853','8a04f332-7fd2-4a8b-9876-c4bdcf937dc1',6,'1',0,0,3,4,'1'),(20,'sickness_by_departments',0,0,'0000-00-00 00:00:00','0000-00-00 00:00:00','0dbeaa22-aab2-40c1-932e-e1288da41c4e','450066d7-0c6f-49b8-b3ad-153760c9e7d7',6,'1',0,0,3,4,'1'),(21,'department_expenses',0,0,'0000-00-00 00:00:00','0000-00-00 00:00:00','07695ea0-89e8-4334-9e02-c501935d7451','046c5676-87d3-4262-b9f4-a6319949b6fc',2,'1',0,0,3,4,'1'),(22,'absence_rate',0,0,'0000-00-00 00:00:00','0000-00-00 00:00:00','aa3ea071-5203-4b19-80b4-d9daaf3fca37','f0032877-6c4d-4acf-a1c5-94390ae97827',2,'1',0,0,3,4,'1'),(23,'compa_ratio_calculation',0,0,'0000-00-00 00:00:00','0000-00-00 00:00:00','9da1f3b3-8ab9-414d-8313-237fa54b5bdd','dd2abfb0-d12f-403f-910b-b8b025c2ad87',2,'1',0,0,3,4,'1'),(24,'full_time_equivalents',0,0,'0000-00-00 00:00:00','0000-00-00 00:00:00','de1c19cf-f7f0-407e-92b1-d5644d0cac74','2c2a4149-f0fb-42a8-b8f7-141edafffde8',6,'1',0,0,3,4,'1'),(25,'health_care_costs',0,0,'0000-00-00 00:00:00','0000-00-00 00:00:00','6159d62c-19ad-4f6c-9a8a-58871454fbd6','cc70b9f7-ea49-426f-b220-cf0447de59f5',2,'1',0,0,3,4,'1'),(26,'interview_accept_yield_ratio',0,0,'0000-00-00 00:00:00','0000-00-00 00:00:00','999b66d5-82f8-45e3-a7eb-c714f91322f1','7e13319f-6c68-425e-ace2-3ec8618601a8',2,'1',0,0,3,4,'1'),(27,'interview_offer_yield_ratio',0,0,'0000-00-00 00:00:00','0000-00-00 00:00:00','89e835d6-5e56-4d53-8187-43ad08064ca9','ddf6cac5-c034-4d48-ae2f-ae550f78f4ba',2,'1',0,0,3,4,'1'),(28,'employee_satisfaction',0,0,'0000-00-00 00:00:00','0000-00-00 00:00:00','f3aead0c-ac9b-4d74-a973-1be5f3620424','bf668eef-a8b4-4c91-8875-f219245a8267',2,'1',0,0,3,4,'1'),(29,'gender_equality',0,0,'0000-00-00 00:00:00','0000-00-00 00:00:00','3583300f-1899-4643-8b6d-6a12e28da956','1345a761-2ba1-4745-b18c-dbf87be2f8d0',6,'1',0,0,3,4,'1'),(30,'job_empowerment',0,0,'0000-00-00 00:00:00','0000-00-00 00:00:00','b550e591-c278-42fe-aff3-8594888605c8','1e6f4711-5195-4d97-9d12-523c826b1775',6,'1',0,0,3,4,'1'),(31,'work_life_balance',0,0,'0000-00-00 00:00:00','0000-00-00 00:00:00','56481e3c-aa73-4f0e-a477-a33212415c4f','d66ac665-5d5d-4633-bf18-7bc2a98c2b2e',2,'1',0,0,3,4,'1'),(32,'global_presence',0,0,'0000-00-00 00:00:00','0000-00-00 00:00:00','ac918054-beb2-4de4-b3e4-87be1691f675','0ebf4549-5bc7-419b-8c8c-9ea107e787ab',6,'1',0,0,3,4,'1'),(33,'employee_engagement_score',0,0,'0000-00-00 00:00:00','0000-00-00 00:00:00','22373c87-98ea-48fa-b8f6-270ea1c46d1d','876c8361-7459-43b6-b49e-e4c7ee59418b',2,'1',0,0,3,4,'1'),(34,'workers_compensation_cost_per_employee',0,0,'0000-00-00 00:00:00','0000-00-00 00:00:00','9fca591c-07da-49d1-bd18-d6c9c4c01cdc','a7913bee-1d9f-494e-84fb-d4bfd74d6a4f',6,'1',0,0,3,4,'1'),(35,'workers_compensation_incident_rate',0,0,'0000-00-00 00:00:00','0000-00-00 00:00:00','3efa59d3-8e0b-4be2-98a7-ccec581c85d4','4bb54b64-a56f-46f2-8ae5-ca79bb198a77',6,'1',0,0,3,4,'1'),(36,'workers_compensation_severity_rate',0,0,'0000-00-00 00:00:00','0000-00-00 00:00:00','f0fee89d-d445-4c9f-ac16-a2e52a52bda1','99d6ab5b-154d-47e9-acb0-5a502ade9306',6,'1',0,0,3,4,'1'),(37,'training_cost_per_employee_vs_time',0,0,'0000-00-00 00:00:00','0000-00-00 00:00:00','45c0107e-a062-43cd-8ad0-64fee2e9b905','c2257672-3019-4baf-9c47-7ac7fccb95f2',6,'1',0,0,3,4,'1'),(38,'training_cost_vs_departments',0,0,'0000-00-00 00:00:00','0000-00-00 00:00:00','b8bd4acc-4f42-44c7-ac24-d2ab44ae29d1','455cec57-551b-4f56-9b78-2e8de25c9e30',6,'1',0,0,3,4,'1'),(39,'employees_training_factor',0,0,'0000-00-00 00:00:00','0000-00-00 00:00:00','4b5ab9e9-939e-4833-b8bb-809ba81d5430','cf864f54-8e27-4578-ad20-56aea90040a9',2,'1',0,0,3,4,'1'),(40,'recruiting_expenses',0,0,'0000-00-00 00:00:00','0000-00-00 00:00:00','766ea7e7-ce54-4f02-8dad-e69654a6d1d2','ab4e98e7-f528-45b1-a559-f8935f10db0f',2,'1',0,0,3,4,'1'),(41,'quality_of_new_hires',0,0,'0000-00-00 00:00:00','0000-00-00 00:00:00','6266b8c2-fddd-4353-a26e-01ffb84c2792','71cc7487-8063-4011-aa0d-9faad7043e06',2,'1',0,0,3,4,'1'),(42,'time_to_fill_open_positions',0,0,'0000-00-00 00:00:00','0000-00-00 00:00:00','1bc6a4ba-c931-466d-8f8f-1547452c740e','fb16bc43-0ed8-4f25-9590-cd88e2fa2476',6,'1',0,0,3,4,'1'),(43,'on_boarding_cost',0,0,'0000-00-00 00:00:00','0000-00-00 00:00:00','6b6e7dbf-94e6-49d1-9474-ab815da07088','915e4b0e-66c0-401d-8429-1484aacf89d4',6,'1',0,0,3,4,'1'),(44,'on_boarding_time',0,0,'0000-00-00 00:00:00','0000-00-00 00:00:00','26722b1e-f590-41dd-88a8-dd3ed75bf1fd','2f919468-171c-4621-8de0-0825f243bfd0',6,'1',0,0,3,4,'1'),(45,'employee_vs_monthly_salary_slab',0,0,'0000-00-00 00:00:00','0000-00-00 00:00:00','e57a302c-11a3-4d6c-88d0-fd9a16b76a31','67099a19-56de-4790-b4d7-d450f44b0004',6,'1',0,0,3,4,'1'),(46,'employee_vs_nationality',0,0,'0000-00-00 00:00:00','0000-00-00 00:00:00','74ab88fb-90ec-4202-b020-9edb8ae0c5bf','76a09bcf-43c9-431d-84e2-8227cc138dcf',2,'1',0,0,3,4,'1'),(47,'new_joining_vs_resignation',0,0,'0000-00-00 00:00:00','0000-00-00 00:00:00','458cf396-a6a8-4862-9525-44e4c127cfba','16a8b2ca-18f7-4c10-ba34-29e698878252',2,'1',0,0,3,4,'1'),(48,'human_resource_ratio',0,0,'0000-00-00 00:00:00','0000-00-00 00:00:00','33d68c6f-be9b-4398-9aa3-573f21eadda7','9ba926af-0a9a-4a21-ad5a-c49eb2ee7455',4,'1',0,0,3,4,'1'),(49,'hiring_process',0,0,'0000-00-00 00:00:00','0000-00-00 00:00:00','d995d16f-791f-48e8-9937-e11fec240598','c25a705e-406c-4e7b-aef2-f519911a9314',6,'1',0,0,3,4,'1'),(50,'roi',0,0,'0000-00-00 00:00:00','0000-00-00 00:00:00','dbeeda96-4111-4d04-9b30-4f221146e85a','f9a1bcf3-74a0-4c3b-bd27-0707d61ae9ee',2,'1',0,0,3,4,'1'),(51,'cost_vs_revenue',0,0,'0000-00-00 00:00:00','0000-00-00 00:00:00','fb549a75-3de3-48ce-ab97-f9fbef0def19','77238613-3f6c-4a93-9a0c-59b02b2f1d62',2,'1',0,0,3,4,'1'),(52,'hr_expenses',0,0,'0000-00-00 00:00:00','0000-00-00 00:00:00','7e34a459-2320-43bf-9146-30f9e483b89a','7afaa113-8fad-4b6b-93d3-1cd6e954a253',6,'1',0,0,3,4,'1'),(53,'labor_cost_as_percent_of_revenue',0,0,'0000-00-00 00:00:00','0000-00-00 00:00:00','050c3e7b-52c7-47e4-beb1-3b1e376c0a1b','4ad51192-d357-48e9-ace3-98ad5552c5fe',2,'1',0,0,3,4,'1'),(54,'progress_of_objectives',0,0,'0000-00-00 00:00:00','0000-00-00 00:00:00','fe5d58d5-60f9-4439-97bc-640bfa4f4743','c30217b2-9a56-4559-b504-ac29343f1b71',6,'1',0,0,3,4,'1'),(55,'source_of_hire',0,0,'0000-00-00 00:00:00','0000-00-00 00:00:00','8736c65c-f63a-463b-a1d3-8769bd869555','657b1d6a-880a-4cc6-90a8-68fcab4f8e80',6,'1',0,0,3,4,'1'),(56,'job_offer_yield_ratio',0,0,'0000-00-00 00:00:00','0000-00-00 00:00:00','a9d34123-db81-4edc-8c2b-6e3226b8eb03','d7d190cc-91db-4e95-967f-5b334e05d66e',6,'1',0,0,3,4,'1'),(57,'employees_cost_with_revenue_details',0,0,'0000-00-00 00:00:00','0000-00-00 00:00:00','d0b851a1c75a48ca9543fca0497625aa','7a66069d0afe4a5aaa8b5befa2b2f5c2',8,'1',0,0,3,4,'3'),(58,'hiring_cycle_time',0,0,'0000-00-00 00:00:00','0000-00-00 00:00:00','d3ae9c70801a4560a810628f3b3f660a','',9,'1',0,0,3,4,'2'),(59,'acceptance_rate',0,0,'0000-00-00 00:00:00','0000-00-00 00:00:00','6a508904e34446978168a63ea50d8adf','',9,'1',0,0,3,4,'2'),(60,'average_salary',0,0,'0000-00-00 00:00:00','0000-00-00 00:00:00','602ceaec98474415b8e8efe9b485b53d','',9,'1',0,0,3,4,'2');
/*!40000 ALTER TABLE `trendata_chart` ENABLE KEYS */;
UNLOCK TABLES;

--
-- Table structure for table `trendata_chart_tag`
--

DROP TABLE IF EXISTS `trendata_chart_tag`;
/*!40101 SET @saved_cs_client     = @@character_set_client */;
/*!40101 SET character_set_client = utf8 */;
CREATE TABLE `trendata_chart_tag` (
  `trendata_chart_tag_id` int(11) unsigned NOT NULL AUTO_INCREMENT,
  `trendata_chart_tag_created_by` int(10) unsigned NOT NULL,
  `trendata_chart_tag_last_modified_by` int(10) unsigned NOT NULL,
  `trendata_chart_tag_created_on` datetime NOT NULL,
  `trendata_chart_tag_last_modified_on` datetime NOT NULL,
  `trendata_chart_id` int(11) unsigned NOT NULL,
  `trendata_tag_id` int(11) unsigned NOT NULL,
  PRIMARY KEY (`trendata_chart_tag_id`),
  KEY `trendata_tag_id` (`trendata_tag_id`),
  KEY `trendata_chart_id` (`trendata_chart_id`),
  CONSTRAINT `trendata_chart_tag_ibfk_1` FOREIGN KEY (`trendata_chart_id`) REFERENCES `trendata_chart` (`trendata_chart_id`),
  CONSTRAINT `trendata_chart_tag_ibfk_2` FOREIGN KEY (`trendata_tag_id`) REFERENCES `trendata_tag` (`trendata_tag_id`)
) ENGINE=InnoDB AUTO_INCREMENT=76 DEFAULT CHARSET=utf8 COLLATE=utf8_unicode_ci;
/*!40101 SET character_set_client = @saved_cs_client */;

--
-- Dumping data for table `trendata_chart_tag`
--

LOCK TABLES `trendata_chart_tag` WRITE;
/*!40000 ALTER TABLE `trendata_chart_tag` DISABLE KEYS */;
INSERT INTO `trendata_chart_tag` VALUES (1,0,0,'0000-00-00 00:00:00','0000-00-00 00:00:00',1,1),(2,0,0,'0000-00-00 00:00:00','0000-00-00 00:00:00',1,2),(3,0,0,'0000-00-00 00:00:00','0000-00-00 00:00:00',2,1),(4,0,0,'0000-00-00 00:00:00','0000-00-00 00:00:00',2,3),(5,0,0,'0000-00-00 00:00:00','0000-00-00 00:00:00',3,1),(6,0,0,'0000-00-00 00:00:00','0000-00-00 00:00:00',3,4),(7,0,0,'0000-00-00 00:00:00','0000-00-00 00:00:00',4,1),(8,0,0,'0000-00-00 00:00:00','0000-00-00 00:00:00',5,5),(9,0,0,'0000-00-00 00:00:00','0000-00-00 00:00:00',5,6),(10,0,0,'0000-00-00 00:00:00','0000-00-00 00:00:00',6,6),(11,0,0,'0000-00-00 00:00:00','0000-00-00 00:00:00',7,6),(12,0,0,'0000-00-00 00:00:00','0000-00-00 00:00:00',7,7),(13,0,0,'0000-00-00 00:00:00','0000-00-00 00:00:00',8,6),(14,0,0,'0000-00-00 00:00:00','0000-00-00 00:00:00',9,9),(15,0,0,'0000-00-00 00:00:00','0000-00-00 00:00:00',9,8),(16,0,0,'0000-00-00 00:00:00','0000-00-00 00:00:00',10,9),(17,0,0,'0000-00-00 00:00:00','0000-00-00 00:00:00',10,10),(18,0,0,'0000-00-00 00:00:00','0000-00-00 00:00:00',11,9),(19,0,0,'0000-00-00 00:00:00','0000-00-00 00:00:00',11,3),(20,0,0,'0000-00-00 00:00:00','0000-00-00 00:00:00',12,9),(21,0,0,'0000-00-00 00:00:00','0000-00-00 00:00:00',12,7),(22,0,0,'0000-00-00 00:00:00','0000-00-00 00:00:00',13,11),(23,0,0,'0000-00-00 00:00:00','0000-00-00 00:00:00',14,3),(24,0,0,'0000-00-00 00:00:00','0000-00-00 00:00:00',14,12),(25,0,0,'0000-00-00 00:00:00','0000-00-00 00:00:00',15,12),(26,0,0,'0000-00-00 00:00:00','0000-00-00 00:00:00',16,13),(27,0,0,'0000-00-00 00:00:00','0000-00-00 00:00:00',17,14),(28,0,0,'0000-00-00 00:00:00','0000-00-00 00:00:00',17,29),(29,0,0,'0000-00-00 00:00:00','0000-00-00 00:00:00',18,9),(30,0,0,'0000-00-00 00:00:00','0000-00-00 00:00:00',19,3),(31,0,0,'0000-00-00 00:00:00','0000-00-00 00:00:00',19,16),(32,0,0,'0000-00-00 00:00:00','0000-00-00 00:00:00',20,3),(33,0,0,'0000-00-00 00:00:00','0000-00-00 00:00:00',20,17),(34,0,0,'0000-00-00 00:00:00','0000-00-00 00:00:00',21,3),(35,0,0,'0000-00-00 00:00:00','0000-00-00 00:00:00',21,18),(36,0,0,'0000-00-00 00:00:00','0000-00-00 00:00:00',22,19),(37,0,0,'0000-00-00 00:00:00','0000-00-00 00:00:00',23,20),(38,0,0,'0000-00-00 00:00:00','0000-00-00 00:00:00',24,21),(39,0,0,'0000-00-00 00:00:00','0000-00-00 00:00:00',25,22),(40,0,0,'0000-00-00 00:00:00','0000-00-00 00:00:00',26,23),(41,0,0,'0000-00-00 00:00:00','0000-00-00 00:00:00',27,23),(42,0,0,'0000-00-00 00:00:00','0000-00-00 00:00:00',28,9),(43,0,0,'0000-00-00 00:00:00','0000-00-00 00:00:00',28,24),(44,0,0,'0000-00-00 00:00:00','0000-00-00 00:00:00',29,25),(45,0,0,'0000-00-00 00:00:00','0000-00-00 00:00:00',29,26),(46,0,0,'0000-00-00 00:00:00','0000-00-00 00:00:00',30,27),(47,0,0,'0000-00-00 00:00:00','0000-00-00 00:00:00',25,28),(48,0,0,'0000-00-00 00:00:00','0000-00-00 00:00:00',31,30),(49,0,0,'0000-00-00 00:00:00','0000-00-00 00:00:00',32,32),(50,0,0,'0000-00-00 00:00:00','0000-00-00 00:00:00',32,31),(51,0,0,'0000-00-00 00:00:00','0000-00-00 00:00:00',33,9),(52,0,0,'0000-00-00 00:00:00','0000-00-00 00:00:00',34,33),(53,0,0,'0000-00-00 00:00:00','0000-00-00 00:00:00',33,34),(54,0,0,'0000-00-00 00:00:00','0000-00-00 00:00:00',35,33),(55,0,0,'0000-00-00 00:00:00','0000-00-00 00:00:00',36,33),(56,0,0,'0000-00-00 00:00:00','0000-00-00 00:00:00',36,35),(57,0,0,'0000-00-00 00:00:00','0000-00-00 00:00:00',37,36),(58,0,0,'0000-00-00 00:00:00','0000-00-00 00:00:00',37,9),(59,0,0,'0000-00-00 00:00:00','0000-00-00 00:00:00',38,36),(60,0,0,'0000-00-00 00:00:00','0000-00-00 00:00:00',38,3),(61,0,0,'0000-00-00 00:00:00','0000-00-00 00:00:00',39,9),(62,0,0,'0000-00-00 00:00:00','0000-00-00 00:00:00',39,36),(63,0,0,'0000-00-00 00:00:00','0000-00-00 00:00:00',40,37),(64,0,0,'0000-00-00 00:00:00','0000-00-00 00:00:00',40,18),(65,0,0,'0000-00-00 00:00:00','0000-00-00 00:00:00',41,38),(66,0,0,'0000-00-00 00:00:00','0000-00-00 00:00:00',43,41),(67,0,0,'0000-00-00 00:00:00','0000-00-00 00:00:00',44,39),(68,0,0,'0000-00-00 00:00:00','0000-00-00 00:00:00',45,9),(69,0,0,'0000-00-00 00:00:00','0000-00-00 00:00:00',45,14),(70,0,0,'0000-00-00 00:00:00','0000-00-00 00:00:00',46,9),(71,0,0,'0000-00-00 00:00:00','0000-00-00 00:00:00',46,40),(72,0,0,'0000-00-00 00:00:00','0000-00-00 00:00:00',48,41),(73,0,0,'0000-00-00 00:00:00','0000-00-00 00:00:00',50,42),(74,0,0,'0000-00-00 00:00:00','0000-00-00 00:00:00',52,41),(75,0,0,'0000-00-00 00:00:00','0000-00-00 00:00:00',52,18);
/*!40000 ALTER TABLE `trendata_chart_tag` ENABLE KEYS */;
UNLOCK TABLES;

--
-- Table structure for table `trendata_translation`
--

DROP TABLE IF EXISTS `trendata_translation`;
/*!40101 SET @saved_cs_client     = @@character_set_client */;
/*!40101 SET character_set_client = utf8 */;
CREATE TABLE `trendata_translation` (
  `trendata_translation_id` int(11) unsigned NOT NULL AUTO_INCREMENT,
  `trendata_language_id` int(11) NOT NULL DEFAULT '1',
  `trendata_translation_text` text COLLATE utf8_unicode_ci NOT NULL,
  `trendata_translation_token` varchar(36) COLLATE utf8_unicode_ci NOT NULL,
  PRIMARY KEY (`trendata_translation_id`),
  KEY `trendata_translation_token` (`trendata_translation_token`),
  KEY `trendata_language_id` (`trendata_language_id`)
) ENGINE=InnoDB AUTO_INCREMENT=302 DEFAULT CHARSET=utf8 COLLATE=utf8_unicode_ci;
/*!40101 SET character_set_client = @saved_cs_client */;

--
-- Dumping data for table `trendata_translation`
--

LOCK TABLES `trendata_translation` WRITE;
/*!40000 ALTER TABLE `trendata_translation` DISABLE KEYS */;
INSERT INTO `trendata_translation` VALUES (1,1,'HR Cost','59271b3ab2df41e3bb885eb5ec9e174b'),(2,1,'HR Responsiveness','599610e09cf84f7da452f8afaefaeab3'),(3,1,'Issue Management','c93c95bf14f44c5aa3685dabedd9f460'),(4,1,'Recruiting','3d346ad2f051496aac8cd606f115b92d'),(5,1,'Productivity','7327f74bbbdf415086f4c862b2eb19ac'),(6,1,'Performance Management','df548600dc7e41a7be8fe0c31b498b83'),(7,1,'Costs/Salary','0b7d216ab7784640b91d66837b741ad0'),(8,1,'Key Employees','d3b1562d119a4acf876e61c50b6be4eb'),(9,1,'HR Pipeline','94b4b2e146574607a25e0ffe30cf3a8c'),(10,1,'Employee Retention','961608e4cb7d4b4584a6d5f5188218a9'),(11,1,'Employee Satisfaction','e93aed9c68824740b582e5e8f1e2f74f'),(12,1,'Training and Development','324471e6853f4d049bfbf82308cf66da'),(13,2,'HR Cost (FR)','59271b3ab2df41e3bb885eb5ec9e174b'),(14,2,'HR Responsiveness (FR)','599610e09cf84f7da452f8afaefaeab3'),(15,2,'Issue Management (FR)','c93c95bf14f44c5aa3685dabedd9f460'),(16,2,'Recruiting (FR)','3d346ad2f051496aac8cd606f115b92d'),(17,2,'Productivity (FR)','7327f74bbbdf415086f4c862b2eb19ac'),(18,2,'Performance Management (FR)','df548600dc7e41a7be8fe0c31b498b83'),(19,2,'Costs/Salary (FR)','0b7d216ab7784640b91d66837b741ad0'),(20,2,'Key Employees (FR)','d3b1562d119a4acf876e61c50b6be4eb'),(21,2,'HR Pipeline (FR)','94b4b2e146574607a25e0ffe30cf3a8c'),(22,2,'Employee Retention (FR)','961608e4cb7d4b4584a6d5f5188218a9'),(23,2,'Employee Satisfaction (FR)','e93aed9c68824740b582e5e8f1e2f74f'),(24,2,'Training and Development (FR)','324471e6853f4d049bfbf82308cf66da'),(25,3,'HR Cost (es)','59271b3ab2df41e3bb885eb5ec9e174b'),(26,3,'HR Responsiveness (es)','599610e09cf84f7da452f8afaefaeab3'),(27,3,'Issue Management (es)','c93c95bf14f44c5aa3685dabedd9f460'),(28,3,'Recruiting (es)','3d346ad2f051496aac8cd606f115b92d'),(29,3,'Productivity (es)','7327f74bbbdf415086f4c862b2eb19ac'),(30,3,'Performance Management (es)','df548600dc7e41a7be8fe0c31b498b83'),(31,3,'Costs/Salary (es)','0b7d216ab7784640b91d66837b741ad0'),(32,3,'Key Employees (es)','d3b1562d119a4acf876e61c50b6be4eb'),(33,3,'HR Pipeline (es)','94b4b2e146574607a25e0ffe30cf3a8c'),(34,3,'Employee Retention (es)','961608e4cb7d4b4584a6d5f5188218a9'),(35,3,'Employee Satisfaction (es)','e93aed9c68824740b582e5e8f1e2f74f'),(36,3,'Training and Development (es)','324471e6853f4d049bfbf82308cf66da'),(37,1,'Headcount vs location','db546fdc-b7f4-458f-b19c-6aa8af1ac0de'),(38,1,'Headcount vs departments','717ad7ed-b8eb-46e2-a6fd-cfb288d71408'),(39,1,'Headcount vs designations','fc166853-115d-4a95-a0aa-6e9a9603064f'),(40,1,'Headcount vs Time','c9b1629d-e78e-4362-8100-4e97346e279c'),(41,1,'Talent vs potential\r\n','1dccc3ab-2bcd-4cae-b88f-cdfd1c0508fc'),(42,1,'Performance Rating\r\n','e5aacd6c-e3dc-4dc3-9e4c-18d4833d6a41'),(43,1,'Manager performance\r\n','16395b33-b1c7-413a-9d60-16b59119c0e7'),(44,1,'Above Average Performer Yield Ratio\r\n','94063e63-fc20-4869-9f48-f5f3c4290cce'),(45,1,'Profit Per Employee','1189b79e-856b-4e77-bd1c-f63144ba1bc0'),(46,1,'Employee turnover - overall\r\n','ca4a84d1-33d8-4cee-afbc-a44e02b53c63'),(47,1,'Employee turnover by department\r\n','e7f16e32-4bf2-4e40-8f3e-fc97bd126068'),(48,1,'Employee turnover by manager\r\n','f08b35e2-27f8-451b-966d-79d42f304fe9'),(49,1,'Attrition rate vs reasons','2c511354-a824-4012-a022-fccef152af77'),(50,1,'Average tenure vs department\r\n','6aa9bda3-e8ef-4975-9040-b79630c2d18b'),(51,1,'Average tenure vs years\r\n','9d682fb3-dd78-466d-8a11-7508d46805b8'),(52,1,'Equal opportunities','87440058-bb5f-4fb6-ae71-0a7c114875bb'),(53,1,'Salary deviation','5bde7342-bfc9-45a3-b4d8-4e4e3156b7d7'),(54,1,'Profit per employee vs year\r\n','a4eb79d9-9406-44d6-9eb1-7df0cd797e0c'),(55,1,'Holiday by departments','dd8a6840-d022-4f15-b7aa-5b34c50fc853'),(56,1,'Sickness by departments\r\n','0dbeaa22-aab2-40c1-932e-e1288da41c4e'),(57,1,'Department Expenses\r\n','07695ea0-89e8-4334-9e02-c501935d7451'),(58,1,'Absence Rate\r\n','aa3ea071-5203-4b19-80b4-d9daaf3fca37'),(59,1,'Compa Ratio Calculation\r\n','9da1f3b3-8ab9-414d-8313-237fa54b5bdd'),(60,1,'Full-Time Equivalents (FTE) Calculations\r\n','de1c19cf-f7f0-407e-92b1-d5644d0cac74'),(61,1,'Health Care Costs\r\n','6159d62c-19ad-4f6c-9a8a-58871454fbd6'),(62,1,'Interview Accept Yield Ratio\r\n','999b66d5-82f8-45e3-a7eb-c714f91322f1'),(63,1,'Interview Offer Yield Ratio\r\n','89e835d6-5e56-4d53-8187-43ad08064ca9'),(64,1,'Employee satisfaction\r\n','f3aead0c-ac9b-4d74-a973-1be5f3620424'),(65,1,'Gender equality\r\n','3583300f-1899-4643-8b6d-6a12e28da956'),(66,1,'Job empowerment','b550e591-c278-42fe-aff3-8594888605c8'),(67,1,'Work/Life Balance','56481e3c-aa73-4f0e-a477-a33212415c4f'),(68,1,'Global presence\r\n','ac918054-beb2-4de4-b3e4-87be1691f675'),(69,1,'Employee engagement score\r\n','22373c87-98ea-48fa-b8f6-270ea1c46d1d'),(70,1,'Workers\' Compensation Cost per Employee (Cumulative)\r\n','9fca591c-07da-49d1-bd18-d6c9c4c01cdc'),(71,1,'Workers\' Compensation Incident Rate\r\n','3efa59d3-8e0b-4be2-98a7-ccec581c85d4'),(72,1,'Workers\' Compensation Severity Rate\r\n','f0fee89d-d445-4c9f-ac16-a2e52a52bda1'),(73,1,'Training cost per employee vs time\r\n','45c0107e-a062-43cd-8ad0-64fee2e9b905'),(74,1,'Training cost vs departments\r\n','b8bd4acc-4f42-44c7-ac24-d2ab44ae29d1'),(75,1,'Employees Training Factor\r\n','4b5ab9e9-939e-4833-b8bb-809ba81d5430'),(76,1,'Recruiting expenses\r\n','766ea7e7-ce54-4f02-8dad-e69654a6d1d2'),(77,1,'Quality of new hires\r\n','6266b8c2-fddd-4353-a26e-01ffb84c2792'),(78,1,'Time to fill open positions\r\n','Time to fill open positions'),(79,1,'On-boarding cost','6b6e7dbf-94e6-49d1-9474-ab815da07088'),(80,1,'On-boarding time','26722b1e-f590-41dd-88a8-dd3ed75bf1fd'),(81,1,'No. of employee vs monthly salary slab\r\n','e57a302c-11a3-4d6c-88d0-fd9a16b76a31'),(82,1,'No of employee vs nationality\r\n','74ab88fb-90ec-4202-b020-9edb8ae0c5bf'),(83,1,'New Joining vs Resignation\r\n','458cf396-a6a8-4862-9525-44e4c127cfba'),(84,1,'Human Resource Ratio\r\n','33d68c6f-be9b-4398-9aa3-573f21eadda7'),(85,1,'Hiring Process','d995d16f-791f-48e8-9937-e11fec240598'),(86,1,'ROI','dbeeda96-4111-4d04-9b30-4f221146e85a'),(87,1,'Cost vs revenue\r\n','fb549a75-3de3-48ce-ab97-f9fbef0def19'),(88,1,'Human Resource Expenses \r\n','7e34a459-2320-43bf-9146-30f9e483b89a'),(89,1,'Labor Cost as Percent of Revenue\r\n','050c3e7b-52c7-47e4-beb1-3b1e376c0a1b'),(90,1,'Progress of objectives','fe5d58d5-60f9-4439-97bc-640bfa4f4743'),(91,1,'Source of hire','8736c65c-f63a-463b-a1d3-8769bd869555'),(92,1,'Job Offer Yield Ratio','a9d34123-db81-4edc-8c2b-6e3226b8eb03'),(93,2,'Headcount vs location (fr)','db546fdc-b7f4-458f-b19c-6aa8af1ac0de'),(94,2,'Headcount vs departments (fr)','717ad7ed-b8eb-46e2-a6fd-cfb288d71408'),(95,2,'Headcount vs designations (fr)','fc166853-115d-4a95-a0aa-6e9a9603064f'),(96,2,'Headcount vs Time (fr)','c9b1629d-e78e-4362-8100-4e97346e279c'),(97,2,'Talent vs potential (fr)','1dccc3ab-2bcd-4cae-b88f-cdfd1c0508fc'),(98,2,'Performance Rating (fr)','e5aacd6c-e3dc-4dc3-9e4c-18d4833d6a41'),(99,2,'Manager performance (fr)','16395b33-b1c7-413a-9d60-16b59119c0e7'),(100,2,'Above Average Performer Yield Ratio (fr)','94063e63-fc20-4869-9f48-f5f3c4290cce'),(101,2,'Profit Per Employee (fr)','1189b79e-856b-4e77-bd1c-f63144ba1bc0'),(102,2,'Employee turnover - overall (fr)','ca4a84d1-33d8-4cee-afbc-a44e02b53c63'),(103,2,'Employee turnover by department (fr)','e7f16e32-4bf2-4e40-8f3e-fc97bd126068'),(104,2,'Employee turnover by manager (fr)','f08b35e2-27f8-451b-966d-79d42f304fe9'),(105,2,'Attrition rate vs reasons (fr)','2c511354-a824-4012-a022-fccef152af77'),(106,2,'Average tenure vs department (fr)','6aa9bda3-e8ef-4975-9040-b79630c2d18b'),(107,2,'Average tenure vs years (fr)','9d682fb3-dd78-466d-8a11-7508d46805b8'),(108,2,'Equal opportunities (fr)','87440058-bb5f-4fb6-ae71-0a7c114875bb'),(109,2,'Salary deviation (fr)','5bde7342-bfc9-45a3-b4d8-4e4e3156b7d7'),(110,2,'Profit per employee vs year (fr)','a4eb79d9-9406-44d6-9eb1-7df0cd797e0c'),(111,2,'Holiday by departments (fr)','dd8a6840-d022-4f15-b7aa-5b34c50fc853'),(112,2,'Sickness by departments (fr)','0dbeaa22-aab2-40c1-932e-e1288da41c4e'),(113,2,'Department Expenses (fr)','07695ea0-89e8-4334-9e02-c501935d7451'),(114,2,'Absence Rate (fr)','aa3ea071-5203-4b19-80b4-d9daaf3fca37'),(115,2,'Compa Ratio Calculation (fr)','9da1f3b3-8ab9-414d-8313-237fa54b5bdd'),(116,2,'Full-Time Equivalents (FTE) Calculations (fr)','de1c19cf-f7f0-407e-92b1-d5644d0cac74'),(117,2,'Health Care Costs (fr)','6159d62c-19ad-4f6c-9a8a-58871454fbd6'),(118,2,'Interview Accept Yield Ratio (fr)','999b66d5-82f8-45e3-a7eb-c714f91322f1'),(119,2,'Interview Offer Yield Ratio (fr)','89e835d6-5e56-4d53-8187-43ad08064ca9'),(120,2,'Employee satisfaction (fr)','f3aead0c-ac9b-4d74-a973-1be5f3620424'),(121,2,'Gender equality (fr)','3583300f-1899-4643-8b6d-6a12e28da956'),(122,2,'Job empowerment (fr)','b550e591-c278-42fe-aff3-8594888605c8'),(123,2,'Work/Life Balance (fr)','56481e3c-aa73-4f0e-a477-a33212415c4f'),(124,2,'Global presence (fr)','ac918054-beb2-4de4-b3e4-87be1691f675'),(125,2,'Employee engagement score (fr)','22373c87-98ea-48fa-b8f6-270ea1c46d1d'),(126,2,'Workers\' Compensation Cost per Employee (Cumulative) (fr)','9fca591c-07da-49d1-bd18-d6c9c4c01cdc'),(127,2,'Workers\' Compensation Incident Rate (fr)','3efa59d3-8e0b-4be2-98a7-ccec581c85d4'),(128,2,'Workers\' Compensation Severity Rate (fr)','f0fee89d-d445-4c9f-ac16-a2e52a52bda1'),(129,2,'Training cost per employee vs time (fr)','45c0107e-a062-43cd-8ad0-64fee2e9b905'),(130,2,'Training cost vs departments (fr)','b8bd4acc-4f42-44c7-ac24-d2ab44ae29d1'),(131,2,'Employees Training Factor (fr)','4b5ab9e9-939e-4833-b8bb-809ba81d5430'),(132,2,'Recruiting expenses (fr)','766ea7e7-ce54-4f02-8dad-e69654a6d1d2'),(133,2,'Quality of new hires (fr)','6266b8c2-fddd-4353-a26e-01ffb84c2792'),(134,2,'Time to fill open positions (fr)','Time to fill open positions'),(135,2,'On-boarding cost (fr)','6b6e7dbf-94e6-49d1-9474-ab815da07088'),(136,2,'On-boarding time (fr)','26722b1e-f590-41dd-88a8-dd3ed75bf1fd'),(137,2,'No. of employee vs monthly salary slab (fr)','e57a302c-11a3-4d6c-88d0-fd9a16b76a31'),(138,2,'No of employee vs nationality (fr)','74ab88fb-90ec-4202-b020-9edb8ae0c5bf'),(139,2,'New Joining vs Resignation (fr)','458cf396-a6a8-4862-9525-44e4c127cfba'),(140,2,'Human Resource Ratio (fr)','33d68c6f-be9b-4398-9aa3-573f21eadda7'),(141,2,'Hiring Process (fr)','d995d16f-791f-48e8-9937-e11fec240598'),(142,2,'ROI (fr)','dbeeda96-4111-4d04-9b30-4f221146e85a'),(143,2,'Cost vs revenue (fr)','fb549a75-3de3-48ce-ab97-f9fbef0def19'),(144,2,'Human Resource Expenses  (fr)','7e34a459-2320-43bf-9146-30f9e483b89a'),(145,2,'Labor Cost as Percent of Revenue (fr)','050c3e7b-52c7-47e4-beb1-3b1e376c0a1b'),(146,2,'Progress of objectives (fr)','fe5d58d5-60f9-4439-97bc-640bfa4f4743'),(147,2,'Source of hire (fr)','8736c65c-f63a-463b-a1d3-8769bd869555'),(148,2,'Job Offer Yield Ratio (fr)','a9d34123-db81-4edc-8c2b-6e3226b8eb03'),(149,3,'Headcount vs location (es)','db546fdc-b7f4-458f-b19c-6aa8af1ac0de'),(150,3,'Headcount vs departments (es)','717ad7ed-b8eb-46e2-a6fd-cfb288d71408'),(151,3,'Headcount vs designations (es)','fc166853-115d-4a95-a0aa-6e9a9603064f'),(152,3,'Headcount vs Time (es)','c9b1629d-e78e-4362-8100-4e97346e279c'),(153,3,'Talent vs potential (es)','1dccc3ab-2bcd-4cae-b88f-cdfd1c0508fc'),(154,3,'Performance Rating (es)','e5aacd6c-e3dc-4dc3-9e4c-18d4833d6a41'),(155,3,'Manager performance (es)','16395b33-b1c7-413a-9d60-16b59119c0e7'),(156,3,'Above Average Performer Yield Ratio (es)','94063e63-fc20-4869-9f48-f5f3c4290cce'),(157,3,'Profit Per Employee (es)','1189b79e-856b-4e77-bd1c-f63144ba1bc0'),(158,3,'Employee turnover - overall (es)','ca4a84d1-33d8-4cee-afbc-a44e02b53c63'),(159,3,'Employee turnover by department (es)','e7f16e32-4bf2-4e40-8f3e-fc97bd126068'),(160,3,'Employee turnover by manager (es)','f08b35e2-27f8-451b-966d-79d42f304fe9'),(161,3,'Attrition rate vs reasons (es)','2c511354-a824-4012-a022-fccef152af77'),(162,3,'Average tenure vs department (es)','6aa9bda3-e8ef-4975-9040-b79630c2d18b'),(163,3,'Average tenure vs years (es)','9d682fb3-dd78-466d-8a11-7508d46805b8'),(164,3,'Equal opportunities (es)','87440058-bb5f-4fb6-ae71-0a7c114875bb'),(165,3,'Salary deviation (es)','5bde7342-bfc9-45a3-b4d8-4e4e3156b7d7'),(166,3,'Profit per employee vs year (es)','a4eb79d9-9406-44d6-9eb1-7df0cd797e0c'),(167,3,'Holiday by departments (es)','dd8a6840-d022-4f15-b7aa-5b34c50fc853'),(168,3,'Sickness by departments (es)','0dbeaa22-aab2-40c1-932e-e1288da41c4e'),(169,3,'Department Expenses (es)','07695ea0-89e8-4334-9e02-c501935d7451'),(170,3,'Absence Rate (es)','aa3ea071-5203-4b19-80b4-d9daaf3fca37'),(171,3,'Compa Ratio Calculation (es)','9da1f3b3-8ab9-414d-8313-237fa54b5bdd'),(172,3,'Full-Time Equivalents (FTE) Calculations (es)','de1c19cf-f7f0-407e-92b1-d5644d0cac74'),(173,3,'Health Care Costs (es)','6159d62c-19ad-4f6c-9a8a-58871454fbd6'),(174,3,'Interview Accept Yield Ratio (es)','999b66d5-82f8-45e3-a7eb-c714f91322f1'),(175,3,'Interview Offer Yield Ratio (es)','89e835d6-5e56-4d53-8187-43ad08064ca9'),(176,3,'Employee satisfaction (es)','f3aead0c-ac9b-4d74-a973-1be5f3620424'),(177,3,'Gender equality (es)','3583300f-1899-4643-8b6d-6a12e28da956'),(178,3,'Job empowerment (es)','b550e591-c278-42fe-aff3-8594888605c8'),(179,3,'Work/Life Balance (es)','56481e3c-aa73-4f0e-a477-a33212415c4f'),(180,3,'Global presence (es)','ac918054-beb2-4de4-b3e4-87be1691f675'),(181,3,'Employee engagement score (es)','22373c87-98ea-48fa-b8f6-270ea1c46d1d'),(182,3,'Workers\' Compensation Cost per Employee (Cumulative) (es)','9fca591c-07da-49d1-bd18-d6c9c4c01cdc'),(183,3,'Workers\' Compensation Incident Rate (es)','3efa59d3-8e0b-4be2-98a7-ccec581c85d4'),(184,3,'Workers\' Compensation Severity Rate (es)','f0fee89d-d445-4c9f-ac16-a2e52a52bda1'),(185,3,'Training cost per employee vs time (es)','45c0107e-a062-43cd-8ad0-64fee2e9b905'),(186,3,'Training cost vs departments (es)','b8bd4acc-4f42-44c7-ac24-d2ab44ae29d1'),(187,3,'Employees Training Factor (es)','4b5ab9e9-939e-4833-b8bb-809ba81d5430'),(188,3,'Recruiting expenses (es)','766ea7e7-ce54-4f02-8dad-e69654a6d1d2'),(189,3,'Quality of new hires (es)','6266b8c2-fddd-4353-a26e-01ffb84c2792'),(190,3,'Time to fill open positions (es)','Time to fill open positions'),(191,3,'On-boarding cost (es)','6b6e7dbf-94e6-49d1-9474-ab815da07088'),(192,3,'On-boarding time (es)','26722b1e-f590-41dd-88a8-dd3ed75bf1fd'),(193,3,'No. of employee vs monthly salary slab (es)','e57a302c-11a3-4d6c-88d0-fd9a16b76a31'),(194,3,'No of employee vs nationality (es)','74ab88fb-90ec-4202-b020-9edb8ae0c5bf'),(195,3,'New Joining vs Resignation (es)','458cf396-a6a8-4862-9525-44e4c127cfba'),(196,3,'Human Resource Ratio (es)','33d68c6f-be9b-4398-9aa3-573f21eadda7'),(197,3,'Hiring Process (es)','d995d16f-791f-48e8-9937-e11fec240598'),(198,3,'ROI (es)','dbeeda96-4111-4d04-9b30-4f221146e85a'),(199,3,'Cost vs revenue (es)','fb549a75-3de3-48ce-ab97-f9fbef0def19'),(200,3,'Human Resource Expenses  (es)','7e34a459-2320-43bf-9146-30f9e483b89a'),(201,3,'Labor Cost as Percent of Revenue (es)','050c3e7b-52c7-47e4-beb1-3b1e376c0a1b'),(202,3,'Progress of objectives (es)','fe5d58d5-60f9-4439-97bc-640bfa4f4743'),(203,3,'Source of hire (es)','8736c65c-f63a-463b-a1d3-8769bd869555'),(204,3,'Job Offer Yield Ratio (es)','a9d34123-db81-4edc-8c2b-6e3226b8eb03'),(205,1,'Dashboard','c0eadd82-4bff-4e2f-bbf2-c6ad630f6406'),(206,2,'Dashboard (fr)','c0eadd82-4bff-4e2f-bbf2-c6ad630f6406'),(207,3,'Dashboard (es)','c0eadd82-4bff-4e2f-bbf2-c6ad630f6406'),(208,1,'Employees cost with revenue details','d0b851a1c75a48ca9543fca0497625aa'),(209,2,'Employees cost with revenue details (FR)','d0b851a1c75a48ca9543fca0497625aa'),(210,3,'Employees cost with revenue details (ES)','d0b851a1c75a48ca9543fca0497625aa'),(211,1,'Isquidunt late eum, sum quassunt faceribus, as de nimpor am as as apienim ilique voluptibus mo cus modiorp orendio denda exceatqui num es quistia dem untin cuptur, volore rernatio quias aut volorero te vel exceaquis et accum labor audae nonseque ent odi aut ent.','7a66069d0afe4a5aaa8b5befa2b2f5c2'),(212,2,'Isquidunt late eum, sum quassunt faceribus, as de nimpor am as as apienim ilique voluptibus mo cus modiorp orendio denda exceatqui num es quistia dem untin cuptur, volore rernatio quias aut volorero te vel exceaquis et accum labor audae nonseque ent odi aut ent. (fr)','7a66069d0afe4a5aaa8b5befa2b2f5c2'),(213,3,'Isquidunt late eum, sum quassunt faceribus, as de nimpor am as as apienim ilique voluptibus mo cus modiorp orendio denda exceatqui num es quistia dem untin cuptur, volore rernatio quias aut volorero te vel exceaquis et accum labor audae nonseque ent odi aut ent.(es)','7a66069d0afe4a5aaa8b5befa2b2f5c2'),(214,1,'Acceptance Rate','6a508904e34446978168a63ea50d8adf'),(215,2,'Acceptance Rate (FR)','6a508904e34446978168a63ea50d8adf'),(216,3,'Acceptance Rate (ES)','6a508904e34446978168a63ea50d8adf'),(218,1,'Hiring Cycle Time','d3ae9c70801a4560a810628f3b3f660a'),(219,2,'Hiring Cycle Time (FR)','d3ae9c70801a4560a810628f3b3f660a'),(220,3,'Hiring Cycle Time (ES)','d3ae9c70801a4560a810628f3b3f660a'),(221,1,'Average Salary','602ceaec98474415b8e8efe9b485b53d'),(222,2,'Average Salary (FR)','602ceaec98474415b8e8efe9b485b53d'),(223,3,'Average Salary (ES)','602ceaec98474415b8e8efe9b485b53d'),(224,1,'Social','ab2371a8-b6f5-11e6-80f5-76304dec7eb7'),(225,1,'Marketing','ab2374b4-b6f5-11e6-80f5-76304dec7eb7'),(226,1,'Recruitment','ab2375d6-b6f5-11e6-80f5-76304dec7eb7'),(227,1,'Social Event 1','28e254cc-b6f8-11e6-80f5-76304dec7eb7'),(228,1,'Event description goes here just below the heading and next to date.','28e2571a-b6f8-11e6-80f5-76304dec7eb7'),(229,1,'Social Event 2','28e25828-b6f8-11e6-80f5-76304dec7eb7'),(230,1,'Event 2 description goes here just below the heading and next to date.','28e25904-b6f8-11e6-80f5-76304dec7eb7'),(231,1,'Marketing','2eaee260-b7bd-11e6-80f5-76304dec7eb7'),(232,1,'Test Event 1','aedeb5c0-baef-11e6-9843-5dfce1e66ee0'),(233,1,'Testing Event Description','aedeb5c1-baef-11e6-9843-5dfce1e66ee0'),(234,1,'Test Event 2','2248de50-bafa-11e6-8814-ddf39ce2e418'),(235,1,'Testing Event 2 Description','22490560-bafa-11e6-8814-ddf39ce2e418'),(236,1,'Test Event 2','a7db0d40-bafa-11e6-91be-83db83e767e4'),(237,1,'Testing Event 2 Description','a7db0d41-bafa-11e6-91be-83db83e767e4'),(238,1,'Test Event 3','cd7c8920-bafa-11e6-91be-83db83e767e4'),(239,1,'Testing Event 3 Description','cd7c8921-bafa-11e6-91be-83db83e767e4'),(240,1,'Trendata - User Deleted','0861a054-bc57-11e6-a4a6-cec0c932ce01'),(241,1,'You are deleted from Trendata. Please contact if you have any issues.','0861a2f2-bc57-11e6-a4a6-cec0c932ce01'),(242,1,'Trendata - User Suspended','0861a3ec-bc57-11e6-a4a6-cec0c932ce01'),(243,1,'You are suspended from Trendata. Please contact if you have any issues.','0861a4d2-bc57-11e6-a4a6-cec0c932ce01'),(244,1,'Trendata - Administrator updated your profile','ad40d75e-bc7d-11e6-a4a6-cec0c932ce01'),(245,1,'You profile is updated by Administrator. You can also update your profile after login.','ad40db8c-bc7d-11e6-a4a6-cec0c932ce01'),(246,1,'Trendata - Welcome','930a5278-bc89-11e6-a4a6-cec0c932ce01'),(247,1,'You are added to Trendata. Please use the following credential for login.','930a6240-bc89-11e6-a4a6-cec0c932ce01'),(252,1,'Organization','15331f40-bd3f-11e6-a994-33f704ba913f'),(253,1,'Testing Event cat Description','15331f41-bd3f-11e6-a994-33f704ba913f'),(298,1,'Social Event 3','2290c470-c358-11e6-8841-29b28f75a071'),(299,1,'Social Event 3 Desc','2290c471-c358-11e6-8841-29b28f75a071'),(300,1,'Social Event 4','2ea14c80-c358-11e6-8841-29b28f75a071'),(301,1,'Social Event 4 Desc','2ea14c81-c358-11e6-8841-29b28f75a071');
/*!40000 ALTER TABLE `trendata_translation` ENABLE KEYS */;
UNLOCK TABLES;

--
-- Table structure for table `trendata_user`
--

DROP TABLE IF EXISTS `trendata_user`;
/*!40101 SET @saved_cs_client     = @@character_set_client */;
/*!40101 SET character_set_client = utf8 */;
CREATE TABLE `trendata_user` (
  `trendata_user_id` int(10) unsigned NOT NULL AUTO_INCREMENT,
  `trendata_user_language_id` int(10) unsigned NOT NULL DEFAULT '1',
  `trendata_user_firstname` varchar(100) NOT NULL,
  `trendata_user_middlename` varchar(100) NOT NULL,
  `trendata_user_lastname` varchar(100) NOT NULL,
  `trendata_user_email` varchar(100) NOT NULL,
  `trendata_user_dob` date NOT NULL,
  `trendata_user_status` enum('0','1','2') NOT NULL,
  `trendata_user_designation` varchar(255) NOT NULL,
  `trendata_user_profile_image` varchar(255) NOT NULL,
  `trendata_user_created_on` datetime NOT NULL,
  `trendata_user_last_modified_on` datetime NOT NULL,
  `trendata_user_created_by` int(10) unsigned NOT NULL,
  `trendata_user_last_modified_by` int(10) unsigned NOT NULL,
  `trendata_user_salt` varchar(100) NOT NULL,
  `trendata_user_password` text NOT NULL,
  `trendata_user_reset_password_token` varchar(50) NOT NULL,
  `trendata_user_reset_password_expiry` varchar(50) NOT NULL,
  PRIMARY KEY (`trendata_user_id`)
) ENGINE=InnoDB AUTO_INCREMENT=68 DEFAULT CHARSET=latin1;
/*!40101 SET character_set_client = @saved_cs_client */;

--
-- Dumping data for table `trendata_user`
--

LOCK TABLES `trendata_user` WRITE;
/*!40000 ALTER TABLE `trendata_user` DISABLE KEYS */;
INSERT INTO `trendata_user` VALUES (1,1,'john','','kauf','trendata@mailinator.com','2016-04-19','2','','','0000-00-00 00:00:00','0000-00-00 00:00:00',0,0,'4e8ac6516021035f55e3ac5967236e5d','bfe15b328a714d8724f08c126520c53ca443af9cc5e28b3e17aad18e04cec795a0237667ea1d050906563b34c2aacb6c4b88eca9f5e643f914671ce157446d5a','',''),(2,1,'ss','','rr','trendata1@mailinator.com','0000-00-00','0','se','','0000-00-00 00:00:00','0000-00-00 00:00:00',1,0,'','','',''),(3,1,'shashi','','ranjan','ss@mailinator.com','0000-00-00','0','des','','0000-00-00 00:00:00','0000-00-00 00:00:00',1,0,'','','',''),(4,1,'shashi','','ranjan','ss1@mailinator.com','0000-00-00','0','des','','0000-00-00 00:00:00','0000-00-00 00:00:00',1,0,'','','',''),(5,1,'shashi','','ranjan','ss2@mailinator.com','0000-00-00','0','des','','0000-00-00 00:00:00','0000-00-00 00:00:00',1,0,'','','',''),(6,1,'shashi','','ranjan','ss2@yopmail.com','0000-00-00','0','des','','0000-00-00 00:00:00','0000-00-00 00:00:00',1,0,'','','',''),(7,1,'shashi','','ranjan','ss3@yopmail.com','0000-00-00','0','des','','0000-00-00 00:00:00','0000-00-00 00:00:00',1,0,'','','',''),(8,1,'shashi','','ranjan','ss4@yopmail.com','0000-00-00','0','des','','0000-00-00 00:00:00','0000-00-00 00:00:00',1,0,'','','',''),(9,1,'shashi','','ranjan','ss5@yopmail.com','0000-00-00','0','des','','0000-00-00 00:00:00','0000-00-00 00:00:00',1,0,'','','',''),(10,1,'shashi','','ranjan','ss6@yopmail.com','0000-00-00','0','des','','0000-00-00 00:00:00','0000-00-00 00:00:00',1,0,'','','',''),(11,1,'shashi','','ranjan','ss7@yopmail.com','0000-00-00','0','des','','0000-00-00 00:00:00','0000-00-00 00:00:00',1,0,'','','',''),(12,1,'shashi','','ranjan','ss8@yopmail.com','0000-00-00','0','des','','0000-00-00 00:00:00','0000-00-00 00:00:00',1,0,'','','',''),(13,1,'shashi','','ranjan','ss9@yopmail.com','0000-00-00','2','738f7066c56bf6847bea95274f1ec032','','0000-00-00 00:00:00','0000-00-00 00:00:00',1,0,'151045ef31dd8da32db04870a466ddfa8d38496ac958d3b415c5cde498c585ad6d716748971d51951c4c6c23dae2288831cb','des','',''),(14,1,'shashi','','ranjan','ss10@yopmail.com','0000-00-00','2','des','','0000-00-00 00:00:00','0000-00-00 00:00:00',1,0,'09bae5e713b452c3a2c2f940a140a274','ded33c29727e4116bc9a124731d93f3ec16dc6fe4cdbf19b786cce0f9a7a2eda4dd528c09dbc527281d91ac5e10c839c1e995808c22304457d96a4983c17e6ff','',''),(15,1,'shashi','','Ranjan','ss@ss.com','0000-00-00','2','Java Developer','','0000-00-00 00:00:00','0000-00-00 00:00:00',1,0,'ec93704cb8b45859f1e712ac620e63ad','7a12a98d3944bdaa23370e0da69bdd3f75eee9adda3434262fe362cfd8398a61adaacaa3319536b9d896cbdb588120f888a6f76d0db8088c6f2b715fb2d307ec','',''),(16,1,'shashi','','Ranjan','ss1@ss.com','0000-00-00','2','Java Developer','','0000-00-00 00:00:00','0000-00-00 00:00:00',1,0,'8d292c70302b1f8e9849ae2d96d858b0','2aba09fd17d6a3396e95a9bc98a49e34be5f1e0c3f711b9cf6c75fb3b9414c4ecb1a0e7ad88a125919f2671c6d0f85400dea3f1d2c101b7c8bc77487e7473605','',''),(17,1,'Subhan','','Ali','sa@ss.com','0000-00-00','2','Java Developer','','0000-00-00 00:00:00','0000-00-00 00:00:00',1,0,'8bfe35e2657b4842fbd905eb98236140','765a823584ebc2ef951ff15e7165fbcc633e21654e03d0ffaeb8bdae60ee4516214f68fa72849d843c2603cd9fa85f75be7808028196062931962e2331542a09','',''),(18,1,'shashi','','Ranjan','ssr@ss.com','0000-00-00','2','Java Developer','','0000-00-00 00:00:00','0000-00-00 00:00:00',1,0,'37642d7f9b850206508c44308aa6e364','8567c03c98226cb800a146a99ca29d12069dd3296c44b7081129aab7fa7cc287aad7720ac7ee2dbf2f5487e1bdb16bc6d9892cadc97aa40776f12d65a4e64d2c','',''),(19,1,'shashi','','Ranjan1','ss44@ss.com','0000-00-00','2','Java Developer','','0000-00-00 00:00:00','0000-00-00 00:00:00',1,0,'cb561eb8e8a387db4a7fe83956ab2d3c','c5fe0bae2eb7b2ef66375c730651c0e1121d6f768d73a91fdad9e85308384164cadd01b693995a2c98d576d2c9221c7a1ed498230b7f28ca324ec88b501dc2a9','',''),(20,1,'shashi','','Ranjan','ss12@ss.com','0000-00-00','2','Android Developer','','0000-00-00 00:00:00','0000-00-00 00:00:00',1,0,'66bffce6847cfef180346acfd3a06881','c82bc66a9a2bbb169d3714effcb57968615c9866f534d807304c541710b3d12f6c1e693a695acb4f342c2d33eabfc2f59f3f2fa0081034f504b3ab9973829bf2','',''),(21,1,'shashi','','Ranjan','ssss@ss.com','0000-00-00','2','Java Developer','','2016-11-22 15:36:25','2016-11-22 15:36:25',1,0,'7d53a123bedd3db7a6a98a19de69abc1','e79f117e7d40e860ff331f21425f225c9fab31970a49bcd5dd46e7192316802f520dc5408edc0504aa6f7d1774e2e795c85778a932ae1905af9e782f676f40ae','',''),(22,1,'tt','','rr','ttr@yopmail.com','0000-00-00','2','Java Developer','','2016-11-22 15:43:32','2016-11-22 15:43:32',1,0,'ed063a3ab082e00d7ef46b64f07cfdd6','2d6ab924fc3960dc2138a84bde49bd91cbe8a6c4cddb68398111e3841f01f52952828b33c0a7493eb4eb74ebd7dfff2b0a1c41eb74a717b6dd23a9f72c778d5f','',''),(23,1,'nishant','','sapra','nishant@yopmail.com','0000-00-00','2','Java Developer','','2016-11-22 15:48:25','2016-11-22 15:48:25',1,0,'a0d1739fc0f170a4f6bfe9132f71dd0b','704881cf4e5a95673cadebe63db9b0ea5316a4f62e8cce4c7fb94d193b161a9b0a452a637ba82d2100e1423b61453f87f119cacd04aa33439045936d4c2dc84e','',''),(24,1,'shashi','','Ranjan','ss123@ss.com','0000-00-00','2','Java Developer','','2016-11-22 17:17:52','2016-11-22 17:17:52',1,0,'1e773f0782425ce0b1b193bb1e65ad63','7b2ec78adcb31fe7f7812c1b13e0a40f2aa1f5326243cd1373da94662d78a4b15673a5dacf6ceb5255707e53406450bfb47051d7e3d41d7ddfd903cbcaaa2bf1','',''),(25,1,'shashi Ranjan','','Singh','ss1234@ss.com','0000-00-00','2','Java Developer','','2016-11-22 17:21:39','2016-11-22 17:21:39',1,0,'9c47b762fda935fcbb861ed3f1c904f9','aed445ca724c5d17d4397ea8c766a860078c72d6bcc04e251c7af3cd749867f2a45706efe66d1f09d66a0b700ebeec3dbd97120040c52d1d0d71621d11f791a7','',''),(26,1,'shashi','','Ranjan','ss12345@ss.com','0000-00-00','2','Java Developer','','2016-11-22 17:26:42','2016-11-22 17:26:42',1,0,'67c1306b8dfb1742518712b775192b30','2e163e7b4951d0a8c3b84f6345b41375cf4ba5f85228c5a8cd6ff18ad478c77ef016964a7615144bdc4079ef1c75540171c8e36c0bce393f1f0d0f83764afc56','',''),(27,1,'shashi','','Ranjan','ss123456@ss.com','0000-00-00','2','Java Developer','','2016-11-22 17:28:24','2016-11-22 17:28:24',1,0,'88bac7a029b5877626d121f9e4ac10e8','c0055934378cd105ab688ab28138d7ff333b8d96ec4520ea331a0ab08c9bba30cf3eff311c5421470ebda4f7807b4d9b46041408498c2e380a18c038d6614076','',''),(28,1,'shashi','','Ranjan','ss1234567@ss.com','0000-00-00','2','Java Developer','','2016-11-22 17:29:16','2016-11-22 17:29:16',1,0,'f83d62f9fc89ddac31e3bc663545bf8b','d22cf7ccb3d771dca57963588fb86b2a87b08662eecc059e92b3592762a47a471c230fe798bc761abca45e7c4e0d1c3ead65aac69bbec4f086ed99fd8fe07737','',''),(29,1,'shashi','','Ranjan','ss12345679@ss.com','0000-00-00','2','Java Developer','','2016-11-22 17:37:29','2016-11-22 17:37:29',1,0,'a5f3705b0eea6b1211f5d4ffcb409e69','878e8661ee002289d707162bd45b3c0c4cfafe8ae1b12a9c860b210c096c0b6936cfc2e364d9bed2d00e332ed7cf326a267480d1c318fc7f546ebd8bccd42a37','',''),(30,1,'shashi','','Ranjan','ss12345670@ss.com','0000-00-00','2','Java Developer','','2016-11-22 17:40:01','2016-11-22 17:40:01',1,0,'d4235f215cc35ac916e468ddcb62008c','cba6129bc916e39fb4906f8148cb53c1c332f729afcafe566a8d68104a445cc8cf7e71dc3bb023421d24d7586517b6012022d84834df3f4c2169c70b98193448','',''),(31,1,'shashi','','Ranjan','ss12345671@ss.com','0000-00-00','2','Java Developer','','2016-11-22 17:41:46','2016-11-22 17:41:46',1,0,'91c93a586a44d63e4a6ba9a10f511d1e','6c6e74a4fb4f546f9aa10900a41a17d584399704e73f3a46a6df75616b123cb3607dc1cea4dca55223a55582073b13abaa30bfe941c60e4accf47d715b0fd245','',''),(32,1,'shashi','','Ranjan','ss12345672@ss.com','0000-00-00','2','Java Developer','','2016-11-22 17:43:22','2016-11-22 17:43:22',1,0,'5e23e5f098dad5d7b77297c4dc7b7d50','8761e6ef066dea5ffb8aabad6e0363206e169fb6a73878d8729ba57d98702d71caae62efb3a5e042226a3b0118e205025b683318337fadaa82dd6c5359f80c75','',''),(33,1,'Anil','','Prakash','anil@yopmail.com','0000-00-00','2','Java Developer','','2016-11-22 17:47:41','2016-11-22 17:47:41',1,0,'fec24ba5028d3381fa533c82b198397c','cd43da1c42c36e59160768f49181b376c978bad739889f1487ac14383bf28443588821b5bd5fd7f3cb40ddf45f6ab884bd43d0241d5ab07fb359c6ae84b167f8','',''),(34,1,'shashi','','Ranjan','ss112@ss.com','0000-00-00','2','Java Developer','','2016-11-22 17:51:42','2016-11-22 17:51:42',1,0,'fabccbe0de65ea05ea52dade8552fdf6','f2e4b4924016f870b8e6d3969378f9baff9abf5e165701c5ec2563ec81d0db82422dac65ef5282a8ed9c8a8fc303d17e2c2cf78dfe8b50133f36e61b94d83144','',''),(35,1,'shashi','','Ranjan','ss321@ss.com','0000-00-00','2','Java Developer','','2016-11-22 17:54:28','2016-11-22 17:54:28',1,0,'7b6e6b107b6f437b4db07512e256d7bd','3a9e13f6f90a6cf319f319fb91416f62629e08f9c983120a48a3e50807943bdd7e2adb56b6e57ed9eb5ad7ea5fb4a710784e2a34668d329fa0c3c3672f9099b2','',''),(36,1,'Subhan','','Ahmd','sub@yopmail.com','0000-00-00','2','Java Developer','','2016-11-22 18:01:03','2016-11-22 18:01:03',1,0,'ce061b2e38f203c8279542e0a7a9dbf1','6f0b979aaed6354772c807afab8f61ba9849a2a208f3b06d954e2b4af12c077f8123669b9e5f11af591c1f413fd885c7158dbae67ad95afa463204ac727c51df','',''),(37,1,'shashi','','Ranjan','ssk@yopmail.com','0000-00-00','2','Java Developer','','2016-11-24 17:12:45','2016-11-24 17:12:45',1,0,'8358cf05b1bdd6415b8f2c0f0bd1b7a2','523ed7764a09fc11e679f8fd9c0edcd568b85e3091ad701b98f4b7d71deed71368ab708658bffecbc1a604e8ae4399e6f580a0e27cf8b17934ae64d2b305d7e6','',''),(38,1,'shashi','','ranjan','ss1@yopmail.com','0000-00-00','2','des','','2016-11-24 17:15:40','2016-11-24 17:15:40',1,0,'2fce51b0ea6361b018cc68a01061ec5b','3e5f0173c9640a3b0484f57b31b1d4ee31d37e4ee827536f5b0ce7b92b6c357097a86fa965860562835ec27961875343e86b0d2f89be49672edca2582767deb3','',''),(39,1,'shashi','','ranjan','ss11@yopmail.com','0000-00-00','2','des','','2016-11-24 17:15:56','2016-11-24 17:15:56',1,0,'f941fb6b09a34397188b26352d4c8310','3f3eaa42492101eeba100f1ee4b07263744c2d58e0411549483a238d370965333ac0c965fd6a3d3b94a0aea6243720cc86c1b575ef0ca3fd442dc94cb7e45e3f','',''),(40,1,'shashi','','ranjan','ss12@yopmail.com','0000-00-00','2','des','','2016-11-24 17:51:17','2016-11-24 17:51:17',1,0,'52cdffb76ca40d18e4830d764423af9f','77af2a539bff6671e5bae05ff8c2c1dc90149e91642b4286cb3eb5084a410a630fe172e800e5f9a1f5c626a4ee3deef90f0dbdda416129982020192794e1f11f','',''),(41,1,'shashi','','ranjan','ss13@yopmail.com','0000-00-00','2','des','','2016-11-24 17:52:33','2016-11-24 17:52:33',1,0,'e63a5d4bc9e05d433cc14dd0b98b792e','7cf2c40bba9ec81b719e77f8bf6f20a4ce3accc0997201c377b4d02703169e67f9e10e20b87deabcfd5a84c82e001f50004134d7f0b794ffbac32a1544874d9d','',''),(42,1,'shashi','','ranjan','ss14@yopmail.com','0000-00-00','2','des','','2016-11-24 17:57:47','2016-11-24 17:57:47',1,0,'0b3c2846f65abb51b10f2b18d69569e3','3e166e49865f2312b7720887dc813a2af0f26d300094fe9bd28e46527362263ffbc7e5ceca3fb48ea831ff8f7445db74b437a113c15d8d752ca86e0768ed6802','',''),(43,1,'shashi','','ranjan','ss15@yopmail.com','0000-00-00','2','des','','2016-11-24 18:02:36','2016-11-24 18:02:36',1,0,'3ecc19e0051e24469b0e5aa548266239','769ac81360bca3cdacc43c65774979c8f5334d92b4c51e40d73d33944cfdbdfa46053a0928fd8979cfe4d7ba39532d514b5f7216cd6e92d2a469d97ab474552e','',''),(44,1,'shashi','','ranjan','shashi.r@coppermobile.com','0000-00-00','2','des','','2016-11-24 18:05:06','2016-11-24 18:05:06',1,0,'a5257a72fe014b641353bd4312e04941','4d82a970e5df655c6798d65204a89c8db0559f6be13f64057c625075e3d8f5c6b57fc9cf771273c7f296db76836b963ff705925c82bea543a6a0296b1bb701df','',''),(45,1,'shashi1','','ranjan1','ss17@yopmail.com','0000-00-00','2','des1','','2016-12-07 17:34:42','2016-12-07 18:39:16',1,1,'515edfbbda9268ab51041bbebe3ce447','9868f3aa2ab559d0b7e92e52ff743dcd95de5e546c1976e30915469663fdf6b77b0383289a5cd0e4a0036b8219f2b928e504ee24d29d8966b40b8e5518a6db4b','',''),(46,1,'shashi','','ranjan','ss16@yopmail.com','0000-00-00','2','des','','2016-12-07 18:00:05','0000-00-00 00:00:00',1,0,'0aab8f3a1cbc3a003b1024d5cd0d00a2','b59a09f4942bd934ed7629c0b3651bf7734a0518c5952cb90b9758500fdd186592f623415e9436756222db2a513a2f50703e7fa9851cb43721add91640e4daf2','',''),(47,1,'shashi','','ranjan','ss18@yopmail.com','0000-00-00','2','des','','2016-12-07 20:11:35','0000-00-00 00:00:00',1,0,'989894aba59a22e4e73b93ccc77bbb76','d6738fcbc9d2f26a9ef43640269ff0b5b8b9e3ba236c4e4196816e6d62132acef0ff81cff98f8ec5e5189a08b62c4b892e9f6d3f3079974bae181fae1cd8e217','',''),(48,1,'shashi','','ranjan','ss19@yopmail.com','0000-00-00','2','des','','2016-12-07 20:15:03','0000-00-00 00:00:00',1,0,'6b1accf2a64f90ac25ea7eb32ce97152','1a70711bd64689aeb8eb63c85469ec6297c6c40765d1fac92f9d2b7ef50aa240a3e970502410d759c4e3379d5fe607da0868d7e805c859de73847b64deb362a7','',''),(49,1,'shashi','','ranjan','ss120@yopmail.com','0000-00-00','2','des','','2016-12-13 15:58:27','0000-00-00 00:00:00',1,0,'d02d987aa45baa2063fb986814c652de','969fcf3147590dcdca6be293e6d9874b4c94b3ceaf61fbb431381d44a2dd2b01e5ad3054e9f782328e68f531bbfebded564166c509a765e6721fa4214572ae4f','',''),(50,1,'shashi','','ranjan','ss121@yopmail.com','0000-00-00','2','des','','2016-12-13 16:00:36','0000-00-00 00:00:00',1,0,'67ac552c1b9bc9d20b029abaa6c0a7b9','e68d109ab3f29ad2c28ee77b2823fdb50136ca732cf1ee67930dcab3a6626728420be70af4ae82829c170c90bd878c5c7871f0272c772d59b24c08c51362954e','',''),(51,1,'shashi','','ranjan','ss122@yopmail.com','0000-00-00','2','des','','2016-12-13 16:03:19','0000-00-00 00:00:00',1,0,'e9fb8bed09c2f91985dcd4cfd361a2b4','e50440e40b238a12f0544b4f7337019506088be9ecef2e87b1f686e4e0d46fcd171ec7f2ece0217bed7ba0a797b302e4a8328872af5205827ed1d5dc09656cf6','',''),(52,1,'shashi','','ranjan','ss123@yopmail.com','0000-00-00','2','des','','2016-12-13 16:05:50','0000-00-00 00:00:00',1,0,'d21dd551c1143d3b810f90ae3ba1797e','d850d64e789f14bae466d2711f39c674279a95e6a4b8af48e0902a80dabb2a62546cbec058f97db6ea2145ef525c55e35d9750b2e42b4ea0fb83f75355cfc305','',''),(53,1,'shashi','','ranjan','ss124@yopmail.com','0000-00-00','2','des','','2016-12-13 16:57:54','0000-00-00 00:00:00',1,0,'b29aa35c502b509a92001e9f026b34b6','406b2a1dea39066daf5d1faba09d131568fc2e0404b999b6c1ebae668191d78eac9d56e9ee1f62d0af0d26e164ac932906c65f201d30497ab45e77f77685c90c','',''),(54,1,'shashi','','ranjan','ss125@yopmail.com','0000-00-00','2','des','','2016-12-13 16:59:17','0000-00-00 00:00:00',1,0,'291a758619e9102ad5046845f3ad7a0b','cfe7d00d72b8686a8907fe88d80dfb53b4d6b2468a2a26aaba46708324de78f30980f69d14ec5c051c6cca582529f87b1bed2a02eb82c7355dd941002ad3a1f9','',''),(55,1,'shashi','','ranjan','ss126@yopmail.com','0000-00-00','2','des','','2016-12-13 17:01:17','0000-00-00 00:00:00',1,0,'34b65862a0bed13d7ea333c2c47ae332','f95b0096521e69ccb533ca099fa9beb1ed4a2deeb8c53d57de1e40cbf36ae6873d13d9e9cf196230f9cf4f31352de5a7992156babfa42a65c325e98bcadd3f33','',''),(56,1,'shashi','','ranjan','ss127@yopmail.com','0000-00-00','2','des','','2016-12-13 17:02:07','0000-00-00 00:00:00',1,0,'df8b16269bd2e479040a654ed1fb1a01','87fef927aa7de8b901e352b07e2db87892a492e29d30adf9985a53d1dc151f53b5ffbf200835d34c1ccaf09472793d8de15bd9fa9148061365fda4ce446cfbe0','',''),(57,1,'shashi','','ranjan','ss129@yopmail.com','0000-00-00','2','des','','2016-12-16 12:15:18','0000-00-00 00:00:00',1,0,'e1bbad16879510ac4eb8f3d99b114b3c','323b3404fde359d67f2af255340944166115065989ec5c56f676977ca23a1c1f5beb3916baf6bd1acab303a0a2f6b67666ac14f486e5fb5ff8da076c4589cd8b','',''),(58,1,'Raja','','Ram','rajamohan@yopmail.com','0000-00-00','2','Java Developer','','2016-12-16 12:16:38','0000-00-00 00:00:00',1,0,'e5599b4d24bfef4f4ef189917961ed14','6107e018dcd9310ea312a362253bee6f04270b8e5870d5a8cd4e1899ad690109f49cd8b3a710df7f5d9fb25f305d854f31e440618a3edb28c499c5326bbe4375','',''),(59,1,'Akhilesh','','Singh','akhilesh@yopmail.com','0000-00-00','2','Java Developer','','2016-12-16 13:09:26','0000-00-00 00:00:00',1,0,'9aa21374fedb633c0fde08bb3d97e6f6','aaeb74c802b934980c023d3ae3e3f2183bacd9db4688e50a6d389cbb0e174b6a2b7ebbae420875348995b3e6308999c1e8c0c87d7ad2ead118f1be4476cd592d','',''),(60,1,'Pawan','','Sing','pawan@yopmail.com','0000-00-00','2','Java Developer','','2016-12-16 13:10:28','0000-00-00 00:00:00',1,0,'268e7e7a7f94dc5b2c9bfc4ef139c057','0b2a9d2be47ff591376e65232cb164131f119282ad348af49f24e019e7ffeb96096c40932099ceb3e6d872059f55093297c5027c7e3678bb88ddf00408cc8377','',''),(61,1,'Ghilman','','Ali','ghilman@yopmail.com','0000-00-00','2','PM','','2016-12-16 13:12:17','0000-00-00 00:00:00',1,0,'8e1fd612cd93b47b436f107ccd760d6a','1445bd858961b601c4887f029d9f101204107240bf227115309b69e7177ffe91627f736b4e862d835bec6dd55f8d6b3b10040e497edcfe457c67cb9a284b8c94','',''),(62,1,'Subhan','','Ali','subhan.a@coppermobile.com','0000-00-00','2','PM','','2016-12-16 13:25:43','0000-00-00 00:00:00',1,0,'ae8e61a9620b245486af10194a2fff43','757037fcafda562a94ac6abd267b2a5c438f9323174896aeb009f956661d11ed85af2deb56b8ced2576bc53f60e9fd63cf1628ed0fd1a460fde7b818113c189d','',''),(63,1,'Subhan','','Ali','subhan.a1@coppermobile.com','0000-00-00','2','Android Developer','','2016-12-16 13:26:05','0000-00-00 00:00:00',1,0,'7ad01c216a1415a7df7c58273aff2259','f44317b4c55b0e20058a4d48b31b8fdab52b78bb5d01c39a93db99f6217594947596d6685ac370f8d4570dff3a8b39e82478c40de7358c44d3c9c9dc96b2d5db','',''),(64,1,'wssss','','ddd','sss@ss.xom','0000-00-00','2','Android Developer','','2016-12-16 13:27:08','0000-00-00 00:00:00',1,0,'c38752245e3e16b4a540158df10df93a','efae0dc704d35e03e2191e4cc5a3b7976fe7ae0558586d9dc59d4455c5b51473b187078f4d0cec6dd272663453ec1dc48b15893d765eb6c1a30aa24247d595a9','',''),(65,1,'Rahul','','Ranjan','rahul@yopmail.com','0000-00-00','0','Java Developer','','2016-12-16 17:56:57','0000-00-00 00:00:00',1,0,'780a9427f86a0430abb293ee475c13ef','a859a34a4566e565e2e7a577c1e3a6e06ad625f2cd8e71ec9317a9912407ceb3b1506bd69ced32f07dcda862fc104674b91ff25699b8a8ec1dbd14b893ed486e','',''),(66,1,'Nishant','','Sapra','nissu@yopmail.com','0000-00-00','2','Android Developer','','2016-12-16 14:47:08','0000-00-00 00:00:00',1,0,'1e7b5fb0156e5abdcf22cd7b09566713','80be9ae95d5ac1ede49a40924415f4a2c8d698a40aba338b157681aa43e0ca0721d590e007e33748b3946083aaf1f422ef7a1483aeebb1fe2b10ab016c94b774','',''),(67,1,'Nishu','','Sapra','nishu@yopmail.com','0000-00-00','1','Android Developer','','2016-12-16 15:07:25','0000-00-00 00:00:00',1,0,'52a23961db7b150d37b58cfb9ae71501','dc83d4ce1bf54a31031e5fa7ac1e5585ed203000759f93f9b8e9c437c53e855c526d977ec081d0e5aaba869729b60d6b83f7e35b298c871086fb75fe88407cb3','','');
/*!40000 ALTER TABLE `trendata_user` ENABLE KEYS */;
UNLOCK TABLES;

--
-- Table structure for table `trendata_user_address`
--

DROP TABLE IF EXISTS `trendata_user_address`;
/*!40101 SET @saved_cs_client     = @@character_set_client */;
/*!40101 SET character_set_client = utf8 */;
CREATE TABLE `trendata_user_address` (
  `trendata_user_address_id` int(10) unsigned NOT NULL AUTO_INCREMENT,
  `trendata_user_id` int(10) unsigned NOT NULL,
  `trendata_user_address_city` varchar(100) NOT NULL,
  `trendata_user_address_state` varchar(100) NOT NULL,
  `trendata_user_address_one` varchar(255) NOT NULL,
  `trendata_user_address_two` varchar(255) NOT NULL,
  `trendata_user_address_zipcode` varchar(10) NOT NULL,
  `trendata_country_id` int(10) unsigned NOT NULL,
  PRIMARY KEY (`trendata_user_address_id`)
) ENGINE=InnoDB DEFAULT CHARSET=latin1;
/*!40101 SET character_set_client = @saved_cs_client */;

--
-- Dumping data for table `trendata_user_address`
--

LOCK TABLES `trendata_user_address` WRITE;
/*!40000 ALTER TABLE `trendata_user_address` DISABLE KEYS */;
/*!40000 ALTER TABLE `trendata_user_address` ENABLE KEYS */;
UNLOCK TABLES;

--
-- Table structure for table `trendata_user_role`
--

DROP TABLE IF EXISTS `trendata_user_role`;
/*!40101 SET @saved_cs_client     = @@character_set_client */;
/*!40101 SET character_set_client = utf8 */;
CREATE TABLE `trendata_user_role` (
  `trendata_user_role_id` int(10) unsigned NOT NULL AUTO_INCREMENT,
  `trendata_user_role_created_by` int(11) NOT NULL,
  `trendata_user_role_last_modified_by` int(11) NOT NULL,
  `trendata_user_role_created_on` datetime NOT NULL,
  `trendata_user_role_last_modified_on` datetime NOT NULL,
  `trendata_user_id` int(10) unsigned NOT NULL,
  `trendata_role_id` int(10) unsigned NOT NULL,
  `trendata_user_role_status` enum('0','1','2') NOT NULL,
  PRIMARY KEY (`trendata_user_role_id`)
) ENGINE=InnoDB DEFAULT CHARSET=latin1;
/*!40101 SET character_set_client = @saved_cs_client */;

--
-- Dumping data for table `trendata_user_role`
--

LOCK TABLES `trendata_user_role` WRITE;
/*!40000 ALTER TABLE `trendata_user_role` DISABLE KEYS */;
/*!40000 ALTER TABLE `trendata_user_role` ENABLE KEYS */;
UNLOCK TABLES;
/*!40103 SET TIME_ZONE=@OLD_TIME_ZONE */;

/*!40101 SET SQL_MODE=@OLD_SQL_MODE */;
/*!40014 SET FOREIGN_KEY_CHECKS=@OLD_FOREIGN_KEY_CHECKS */;
/*!40014 SET UNIQUE_CHECKS=@OLD_UNIQUE_CHECKS */;
/*!40101 SET CHARACTER_SET_CLIENT=@OLD_CHARACTER_SET_CLIENT */;
/*!40101 SET CHARACTER_SET_RESULTS=@OLD_CHARACTER_SET_RESULTS */;
/*!40101 SET COLLATION_CONNECTION=@OLD_COLLATION_CONNECTION */;
/*!40111 SET SQL_NOTES=@OLD_SQL_NOTES */;

-- Dump completed on 2017-01-12 10:52:55
